INFO:root:Started Cantilever容nd load
INFO:root:Started Multidimensional Simple Support Center Load Test
INFO:root:Started Incline Boundary Conditions
DEBUG:root:
PRE-TRANSFORM 3:
[[ 6.30976478e+04  6.29745449e+04  0.00000000e+00  0.00000000e+00  0.00000000e+00 -6.15514406e+04 -7.21926821e+01  0.00000000e+00  0.00000000e+00  0.00000000e+00  0.00000000e+00 -3.60963411e+04 -8.90954544e+04  3.59989470e+01  0.00000000e+00  0.00000000e+00  0.00000000e+00 -2.54550996e+04]
 [ 6.29745449e+04  1.89025455e+05  0.00000000e+00  0.00000000e+00  0.00000000e+00  2.54550996e+04  0.00000000e+00 -1.26000000e+05  0.00000000e+00  0.00000000e+00  0.00000000e+00  0.00000000e+00 -8.90954544e+04 -3.59989470e+01  0.00000000e+00  0.00000000e+00  0.00000000e+00  2.54550996e+04]
 [ 0.00000000e+00  0.00000000e+00  1.23102881e+02  6.15514406e+04 -2.54550996e+04  0.00000000e+00  0.00000000e+00  0.00000000e+00 -7.21926821e+01  3.60963411e+04  0.00000000e+00  0.00000000e+00  0.00000000e+00  0.00000000e+00 -5.09101991e+01  1.23458588e-12 -3.59989470e+04  0.00000000e+00]
 [ 0.00000000e+00  0.00000000e+00  6.15514406e+04  4.21378284e+07 -1.58894878e+07  0.00000000e+00  0.00000000e+00  0.00000000e+00 -3.60963411e+04  1.20321137e+07  0.00000000e+00  0.00000000e+00  0.00000000e+00  0.00000000e+00 -2.54550996e+04 -1.54440127e+06 -1.19834167e+07  0.00000000e+00]
 [ 0.00000000e+00  0.00000000e+00 -2.54550996e+04 -1.58894878e+07  1.96180023e+07  0.00000000e+00  0.00000000e+00  0.00000000e+00  0.00000000e+00  0.00000000e+00 -1.54440127e+06  0.00000000e+00  0.00000000e+00  0.00000000e+00  2.54550996e+04 -1.54440127e+06  1.19834167e+07  0.00000000e+00]
 [-6.15514406e+04  2.54550996e+04  0.00000000e+00  0.00000000e+00  0.00000000e+00  5.80273161e+07  3.60963411e+04  0.00000000e+00  0.00000000e+00  0.00000000e+00  0.00000000e+00  1.20321137e+07  1.23458588e-12 -3.59989470e+04  0.00000000e+00  0.00000000e+00  0.00000000e+00  1.69471104e+07]
 [-7.21926821e+01  0.00000000e+00  0.00000000e+00  0.00000000e+00  0.00000000e+00  3.60963411e+04  1.26072193e+05  0.00000000e+00  0.00000000e+00  0.00000000e+00  0.00000000e+00  3.60963411e+04 -8.90954544e+04  8.90954544e+04  0.00000000e+00  0.00000000e+00  0.00000000e+00  0.00000000e+00]
 [ 0.00000000e+00 -1.26000000e+05  0.00000000e+00  0.00000000e+00  0.00000000e+00  0.00000000e+00  0.00000000e+00  1.26072193e+05  0.00000000e+00  0.00000000e+00  0.00000000e+00  3.60963411e+04 -5.10479351e+01 -5.10479351e+01  0.00000000e+00  0.00000000e+00  0.00000000e+00  3.60963411e+04]
 [ 0.00000000e+00  0.00000000e+00 -7.21926821e+01 -3.60963411e+04  0.00000000e+00  0.00000000e+00  0.00000000e+00  0.00000000e+00  1.44385364e+02 -3.60963411e+04 -3.60963411e+04  0.00000000e+00  0.00000000e+00  0.00000000e+00 -7.21926821e+01 -2.55239675e+04 -2.55239675e+04  0.00000000e+00]
 [ 0.00000000e+00  0.00000000e+00  3.60963411e+04  1.20321137e+07  0.00000000e+00  0.00000000e+00  0.00000000e+00  0.00000000e+00 -3.60963411e+04  2.56086286e+07  0.00000000e+00  0.00000000e+00  0.00000000e+00  0.00000000e+00  0.00000000e+00 -1.09205661e+06  1.09205661e+06  0.00000000e+00]
 [ 0.00000000e+00  0.00000000e+00  0.00000000e+00  0.00000000e+00 -1.54440127e+06  0.00000000e+00  0.00000000e+00  0.00000000e+00 -3.60963411e+04  0.00000000e+00  2.56086286e+07  0.00000000e+00  0.00000000e+00  0.00000000e+00  3.60963411e+04  8.50798918e+06  8.50798918e+06  0.00000000e+00]
 [-3.60963411e+04  0.00000000e+00  0.00000000e+00  0.00000000e+00  0.00000000e+00  1.20321137e+07  3.60963411e+04  3.60963411e+04  0.00000000e+00  0.00000000e+00  0.00000000e+00  4.81284547e+07 -2.55239675e+04 -2.55239675e+04  0.00000000e+00  0.00000000e+00  0.00000000e+00  1.20321137e+07]
 [-8.90954544e+04 -8.90954544e+04  0.00000000e+00  0.00000000e+00  0.00000000e+00  1.23458588e-12 -8.90954544e+04 -5.10479351e+01  0.00000000e+00  0.00000000e+00  0.00000000e+00 -2.55239675e+04  1.89036096e+05 -6.29639036e+04  0.00000000e+00  0.00000000e+00  0.00000000e+00 -2.55239675e+04]
 [ 3.59989470e+01 -3.59989470e+01  0.00000000e+00  0.00000000e+00  0.00000000e+00 -3.59989470e+04  8.90954544e+04 -5.10479351e+01  0.00000000e+00  0.00000000e+00  0.00000000e+00 -2.55239675e+04 -6.29639036e+04  6.30870065e+04  0.00000000e+00  0.00000000e+00  0.00000000e+00 -6.15229146e+04]
 [ 0.00000000e+00  0.00000000e+00 -5.09101991e+01 -2.54550996e+04  2.54550996e+04  0.00000000e+00  0.00000000e+00  0.00000000e+00 -7.21926821e+01  0.00000000e+00  3.60963411e+04  0.00000000e+00  0.00000000e+00  0.00000000e+00  1.23102881e+02  2.55239675e+04  6.15229146e+04  0.00000000e+00]
 [ 0.00000000e+00  0.00000000e+00  1.23458588e-12 -1.54440127e+06 -1.54440127e+06  0.00000000e+00  0.00000000e+00  0.00000000e+00 -2.55239675e+04 -1.09205661e+06  8.50798918e+06  0.00000000e+00  0.00000000e+00  0.00000000e+00  2.55239675e+04  1.49884275e+07  1.12599130e+07  0.00000000e+00]
 [ 0.00000000e+00  0.00000000e+00 -3.59989470e+04 -1.19834167e+07  1.19834167e+07  0.00000000e+00  0.00000000e+00  0.00000000e+00 -2.55239675e+04  1.09205661e+06  8.50798918e+06  0.00000000e+00  0.00000000e+00  0.00000000e+00  6.15229146e+04  1.12599130e+07  4.67674031e+07  0.00000000e+00]
 [-2.54550996e+04  2.54550996e+04  0.00000000e+00  0.00000000e+00  0.00000000e+00  1.69471104e+07  0.00000000e+00  3.60963411e+04  0.00000000e+00  0.00000000e+00  0.00000000e+00  1.20321137e+07 -2.55239675e+04 -6.15229146e+04  0.00000000e+00  0.00000000e+00  0.00000000e+00  5.80273161e+07]]
INFO:root:Started Reverse Cantilever容nd load
INFO:root:Started Cantilever容nd load
DEBUG:root:Shape z disp 0.0: 0.0
DEBUG:root:Shape z disp 0.1: -0.008444090425663573
DEBUG:root:Shape z disp 0.2: -0.03260105697955618
DEBUG:root:Shape z disp 0.3: -0.07072189959754248
DEBUG:root:Shape z disp 0.4: -0.12105761821548705
DEBUG:root:Shape z disp 0.5: -0.18185921276925454
DEBUG:root:Shape z disp 0.6: -0.25137768319470977
DEBUG:root:Shape z disp 0.7: -0.3278640294277171
DEBUG:root:Shape z disp 0.8: -0.4095692514041412
DEBUG:root:Shape z disp 0.9: -0.4947443490598469
DEBUG:root:Shape z disp 1.0: -0.5816403223306985
DEBUG:root:Shape y angle 0.0: -1.8609360682400265e-07
DEBUG:root:Shape y angle 0.1: -0.00033193361681275833
DEBUG:root:Shape y angle 0.2: -0.0006287011387359854
DEBUG:root:Shape y angle 0.3: -0.0008904886593765053
DEBUG:root:Shape y angle 0.4: -0.0011172961787343178
DEBUG:root:Shape y angle 0.5: -0.0013091236968094228
DEBUG:root:Shape y angle 0.6: -0.0014659712136018209
DEBUG:root:Shape y angle 0.7: -0.0015878387291115115
DEBUG:root:Shape y angle 0.8: -0.0016747262433384948
DEBUG:root:Shape y angle 0.9: -0.001726633756282771
DEBUG:root:Shape y angle 1.0: -0.0017435612679443395
INFO:root:Started Multidimensional Simple Support Center Load Test
INFO:root:Started Incline Boundary Conditions
DEBUG:root:
PRE-TRANSFORM 3:
[[ 6.30976478e+04  6.29745449e+04  0.00000000e+00  0.00000000e+00  0.00000000e+00 -6.15514406e+04 -7.21926821e+01  0.00000000e+00  0.00000000e+00  0.00000000e+00  0.00000000e+00 -3.60963411e+04 -8.90954544e+04  3.59989470e+01  0.00000000e+00  0.00000000e+00  0.00000000e+00 -2.54550996e+04]
 [ 6.29745449e+04  1.89025455e+05  0.00000000e+00  0.00000000e+00  0.00000000e+00  2.54550996e+04  0.00000000e+00 -1.26000000e+05  0.00000000e+00  0.00000000e+00  0.00000000e+00  0.00000000e+00 -8.90954544e+04 -3.59989470e+01  0.00000000e+00  0.00000000e+00  0.00000000e+00  2.54550996e+04]
 [ 0.00000000e+00  0.00000000e+00  1.23102881e+02  6.15514406e+04 -2.54550996e+04  0.00000000e+00  0.00000000e+00  0.00000000e+00 -7.21926821e+01  3.60963411e+04  0.00000000e+00  0.00000000e+00  0.00000000e+00  0.00000000e+00 -5.09101991e+01  1.23458588e-12 -3.59989470e+04  0.00000000e+00]
 [ 0.00000000e+00  0.00000000e+00  6.15514406e+04  4.21378284e+07 -1.58894878e+07  0.00000000e+00  0.00000000e+00  0.00000000e+00 -3.60963411e+04  1.20321137e+07  0.00000000e+00  0.00000000e+00  0.00000000e+00  0.00000000e+00 -2.54550996e+04 -1.54440127e+06 -1.19834167e+07  0.00000000e+00]
 [ 0.00000000e+00  0.00000000e+00 -2.54550996e+04 -1.58894878e+07  1.96180023e+07  0.00000000e+00  0.00000000e+00  0.00000000e+00  0.00000000e+00  0.00000000e+00 -1.54440127e+06  0.00000000e+00  0.00000000e+00  0.00000000e+00  2.54550996e+04 -1.54440127e+06  1.19834167e+07  0.00000000e+00]
 [-6.15514406e+04  2.54550996e+04  0.00000000e+00  0.00000000e+00  0.00000000e+00  5.80273161e+07  3.60963411e+04  0.00000000e+00  0.00000000e+00  0.00000000e+00  0.00000000e+00  1.20321137e+07  1.23458588e-12 -3.59989470e+04  0.00000000e+00  0.00000000e+00  0.00000000e+00  1.69471104e+07]
 [-7.21926821e+01  0.00000000e+00  0.00000000e+00  0.00000000e+00  0.00000000e+00  3.60963411e+04  1.26072193e+05  0.00000000e+00  0.00000000e+00  0.00000000e+00  0.00000000e+00  3.60963411e+04 -8.90954544e+04  8.90954544e+04  0.00000000e+00  0.00000000e+00  0.00000000e+00  0.00000000e+00]
 [ 0.00000000e+00 -1.26000000e+05  0.00000000e+00  0.00000000e+00  0.00000000e+00  0.00000000e+00  0.00000000e+00  1.26072193e+05  0.00000000e+00  0.00000000e+00  0.00000000e+00  3.60963411e+04 -5.10479351e+01 -5.10479351e+01  0.00000000e+00  0.00000000e+00  0.00000000e+00  3.60963411e+04]
 [ 0.00000000e+00  0.00000000e+00 -7.21926821e+01 -3.60963411e+04  0.00000000e+00  0.00000000e+00  0.00000000e+00  0.00000000e+00  1.44385364e+02 -3.60963411e+04 -3.60963411e+04  0.00000000e+00  0.00000000e+00  0.00000000e+00 -7.21926821e+01 -2.55239675e+04 -2.55239675e+04  0.00000000e+00]
 [ 0.00000000e+00  0.00000000e+00  3.60963411e+04  1.20321137e+07  0.00000000e+00  0.00000000e+00  0.00000000e+00  0.00000000e+00 -3.60963411e+04  2.56086286e+07  0.00000000e+00  0.00000000e+00  0.00000000e+00  0.00000000e+00  0.00000000e+00 -1.09205661e+06  1.09205661e+06  0.00000000e+00]
 [ 0.00000000e+00  0.00000000e+00  0.00000000e+00  0.00000000e+00 -1.54440127e+06  0.00000000e+00  0.00000000e+00  0.00000000e+00 -3.60963411e+04  0.00000000e+00  2.56086286e+07  0.00000000e+00  0.00000000e+00  0.00000000e+00  3.60963411e+04  8.50798918e+06  8.50798918e+06  0.00000000e+00]
 [-3.60963411e+04  0.00000000e+00  0.00000000e+00  0.00000000e+00  0.00000000e+00  1.20321137e+07  3.60963411e+04  3.60963411e+04  0.00000000e+00  0.00000000e+00  0.00000000e+00  4.81284547e+07 -2.55239675e+04 -2.55239675e+04  0.00000000e+00  0.00000000e+00  0.00000000e+00  1.20321137e+07]
 [-8.90954544e+04 -8.90954544e+04  0.00000000e+00  0.00000000e+00  0.00000000e+00  1.23458588e-12 -8.90954544e+04 -5.10479351e+01  0.00000000e+00  0.00000000e+00  0.00000000e+00 -2.55239675e+04  1.89036096e+05 -6.29639036e+04  0.00000000e+00  0.00000000e+00  0.00000000e+00 -2.55239675e+04]
 [ 3.59989470e+01 -3.59989470e+01  0.00000000e+00  0.00000000e+00  0.00000000e+00 -3.59989470e+04  8.90954544e+04 -5.10479351e+01  0.00000000e+00  0.00000000e+00  0.00000000e+00 -2.55239675e+04 -6.29639036e+04  6.30870065e+04  0.00000000e+00  0.00000000e+00  0.00000000e+00 -6.15229146e+04]
 [ 0.00000000e+00  0.00000000e+00 -5.09101991e+01 -2.54550996e+04  2.54550996e+04  0.00000000e+00  0.00000000e+00  0.00000000e+00 -7.21926821e+01  0.00000000e+00  3.60963411e+04  0.00000000e+00  0.00000000e+00  0.00000000e+00  1.23102881e+02  2.55239675e+04  6.15229146e+04  0.00000000e+00]
 [ 0.00000000e+00  0.00000000e+00  1.23458588e-12 -1.54440127e+06 -1.54440127e+06  0.00000000e+00  0.00000000e+00  0.00000000e+00 -2.55239675e+04 -1.09205661e+06  8.50798918e+06  0.00000000e+00  0.00000000e+00  0.00000000e+00  2.55239675e+04  1.49884275e+07  1.12599130e+07  0.00000000e+00]
 [ 0.00000000e+00  0.00000000e+00 -3.59989470e+04 -1.19834167e+07  1.19834167e+07  0.00000000e+00  0.00000000e+00  0.00000000e+00 -2.55239675e+04  1.09205661e+06  8.50798918e+06  0.00000000e+00  0.00000000e+00  0.00000000e+00  6.15229146e+04  1.12599130e+07  4.67674031e+07  0.00000000e+00]
 [-2.54550996e+04  2.54550996e+04  0.00000000e+00  0.00000000e+00  0.00000000e+00  1.69471104e+07  0.00000000e+00  3.60963411e+04  0.00000000e+00  0.00000000e+00  0.00000000e+00  1.20321137e+07 -2.55239675e+04 -6.15229146e+04  0.00000000e+00  0.00000000e+00  0.00000000e+00  5.80273161e+07]]
INFO:root:Started Reverse Cantilever容nd load
INFO:root:Started Cantilever容nd load
DEBUG:root:Shape z disp 0.0: 0.0
DEBUG:root:Shape z disp 0.1: -0.008444090425663573
DEBUG:root:Shape z disp 0.2: -0.03260105697955618
DEBUG:root:Shape z disp 0.3: -0.07072189959754248
DEBUG:root:Shape z disp 0.4: -0.12105761821548705
DEBUG:root:Shape z disp 0.5: -0.18185921276925454
DEBUG:root:Shape z disp 0.6: -0.25137768319470977
DEBUG:root:Shape z disp 0.7: -0.3278640294277171
DEBUG:root:Shape z disp 0.8: -0.4095692514041412
DEBUG:root:Shape z disp 0.9: -0.4947443490598469
DEBUG:root:Shape z disp 1.0: -0.5816403223306985
DEBUG:root:Shape y angle 0.0: -1.8609360682400265e-07
DEBUG:root:Shape y angle 0.1: -0.00033193361681275833
DEBUG:root:Shape y angle 0.2: -0.0006287011387359854
DEBUG:root:Shape y angle 0.3: -0.0008904886593765053
DEBUG:root:Shape y angle 0.4: -0.0011172961787343178
DEBUG:root:Shape y angle 0.5: -0.0013091236968094228
DEBUG:root:Shape y angle 0.6: -0.0014659712136018209
DEBUG:root:Shape y angle 0.7: -0.0015878387291115115
DEBUG:root:Shape y angle 0.8: -0.0016747262433384948
DEBUG:root:Shape y angle 0.9: -0.001726633756282771
DEBUG:root:Shape y angle 1.0: -0.0017435612679443395
INFO:root:Started Multidimensional Simple Support Center Load Test
INFO:root:Started Incline Boundary Conditions
DEBUG:root:
PRE-TRANSFORM 3:
[[ 6.30976478e+04  6.29745449e+04  0.00000000e+00  0.00000000e+00  0.00000000e+00 -6.15514406e+04 -7.21926821e+01  0.00000000e+00  0.00000000e+00  0.00000000e+00  0.00000000e+00 -3.60963411e+04 -8.90954544e+04  3.59989470e+01  0.00000000e+00  0.00000000e+00  0.00000000e+00 -2.54550996e+04]
 [ 6.29745449e+04  1.89025455e+05  0.00000000e+00  0.00000000e+00  0.00000000e+00  2.54550996e+04  0.00000000e+00 -1.26000000e+05  0.00000000e+00  0.00000000e+00  0.00000000e+00  0.00000000e+00 -8.90954544e+04 -3.59989470e+01  0.00000000e+00  0.00000000e+00  0.00000000e+00  2.54550996e+04]
 [ 0.00000000e+00  0.00000000e+00  1.23102881e+02  6.15514406e+04 -2.54550996e+04  0.00000000e+00  0.00000000e+00  0.00000000e+00 -7.21926821e+01  3.60963411e+04  0.00000000e+00  0.00000000e+00  0.00000000e+00  0.00000000e+00 -5.09101991e+01  1.23458588e-12 -3.59989470e+04  0.00000000e+00]
 [ 0.00000000e+00  0.00000000e+00  6.15514406e+04  4.21378284e+07 -1.58894878e+07  0.00000000e+00  0.00000000e+00  0.00000000e+00 -3.60963411e+04  1.20321137e+07  0.00000000e+00  0.00000000e+00  0.00000000e+00  0.00000000e+00 -2.54550996e+04 -1.54440127e+06 -1.19834167e+07  0.00000000e+00]
 [ 0.00000000e+00  0.00000000e+00 -2.54550996e+04 -1.58894878e+07  1.96180023e+07  0.00000000e+00  0.00000000e+00  0.00000000e+00  0.00000000e+00  0.00000000e+00 -1.54440127e+06  0.00000000e+00  0.00000000e+00  0.00000000e+00  2.54550996e+04 -1.54440127e+06  1.19834167e+07  0.00000000e+00]
 [-6.15514406e+04  2.54550996e+04  0.00000000e+00  0.00000000e+00  0.00000000e+00  5.80273161e+07  3.60963411e+04  0.00000000e+00  0.00000000e+00  0.00000000e+00  0.00000000e+00  1.20321137e+07  1.23458588e-12 -3.59989470e+04  0.00000000e+00  0.00000000e+00  0.00000000e+00  1.69471104e+07]
 [-7.21926821e+01  0.00000000e+00  0.00000000e+00  0.00000000e+00  0.00000000e+00  3.60963411e+04  1.26072193e+05  0.00000000e+00  0.00000000e+00  0.00000000e+00  0.00000000e+00  3.60963411e+04 -8.90954544e+04  8.90954544e+04  0.00000000e+00  0.00000000e+00  0.00000000e+00  0.00000000e+00]
 [ 0.00000000e+00 -1.26000000e+05  0.00000000e+00  0.00000000e+00  0.00000000e+00  0.00000000e+00  0.00000000e+00  1.26072193e+05  0.00000000e+00  0.00000000e+00  0.00000000e+00  3.60963411e+04 -5.10479351e+01 -5.10479351e+01  0.00000000e+00  0.00000000e+00  0.00000000e+00  3.60963411e+04]
 [ 0.00000000e+00  0.00000000e+00 -7.21926821e+01 -3.60963411e+04  0.00000000e+00  0.00000000e+00  0.00000000e+00  0.00000000e+00  1.44385364e+02 -3.60963411e+04 -3.60963411e+04  0.00000000e+00  0.00000000e+00  0.00000000e+00 -7.21926821e+01 -2.55239675e+04 -2.55239675e+04  0.00000000e+00]
 [ 0.00000000e+00  0.00000000e+00  3.60963411e+04  1.20321137e+07  0.00000000e+00  0.00000000e+00  0.00000000e+00  0.00000000e+00 -3.60963411e+04  2.56086286e+07  0.00000000e+00  0.00000000e+00  0.00000000e+00  0.00000000e+00  0.00000000e+00 -1.09205661e+06  1.09205661e+06  0.00000000e+00]
 [ 0.00000000e+00  0.00000000e+00  0.00000000e+00  0.00000000e+00 -1.54440127e+06  0.00000000e+00  0.00000000e+00  0.00000000e+00 -3.60963411e+04  0.00000000e+00  2.56086286e+07  0.00000000e+00  0.00000000e+00  0.00000000e+00  3.60963411e+04  8.50798918e+06  8.50798918e+06  0.00000000e+00]
 [-3.60963411e+04  0.00000000e+00  0.00000000e+00  0.00000000e+00  0.00000000e+00  1.20321137e+07  3.60963411e+04  3.60963411e+04  0.00000000e+00  0.00000000e+00  0.00000000e+00  4.81284547e+07 -2.55239675e+04 -2.55239675e+04  0.00000000e+00  0.00000000e+00  0.00000000e+00  1.20321137e+07]
 [-8.90954544e+04 -8.90954544e+04  0.00000000e+00  0.00000000e+00  0.00000000e+00  1.23458588e-12 -8.90954544e+04 -5.10479351e+01  0.00000000e+00  0.00000000e+00  0.00000000e+00 -2.55239675e+04  1.89036096e+05 -6.29639036e+04  0.00000000e+00  0.00000000e+00  0.00000000e+00 -2.55239675e+04]
 [ 3.59989470e+01 -3.59989470e+01  0.00000000e+00  0.00000000e+00  0.00000000e+00 -3.59989470e+04  8.90954544e+04 -5.10479351e+01  0.00000000e+00  0.00000000e+00  0.00000000e+00 -2.55239675e+04 -6.29639036e+04  6.30870065e+04  0.00000000e+00  0.00000000e+00  0.00000000e+00 -6.15229146e+04]
 [ 0.00000000e+00  0.00000000e+00 -5.09101991e+01 -2.54550996e+04  2.54550996e+04  0.00000000e+00  0.00000000e+00  0.00000000e+00 -7.21926821e+01  0.00000000e+00  3.60963411e+04  0.00000000e+00  0.00000000e+00  0.00000000e+00  1.23102881e+02  2.55239675e+04  6.15229146e+04  0.00000000e+00]
 [ 0.00000000e+00  0.00000000e+00  1.23458588e-12 -1.54440127e+06 -1.54440127e+06  0.00000000e+00  0.00000000e+00  0.00000000e+00 -2.55239675e+04 -1.09205661e+06  8.50798918e+06  0.00000000e+00  0.00000000e+00  0.00000000e+00  2.55239675e+04  1.49884275e+07  1.12599130e+07  0.00000000e+00]
 [ 0.00000000e+00  0.00000000e+00 -3.59989470e+04 -1.19834167e+07  1.19834167e+07  0.00000000e+00  0.00000000e+00  0.00000000e+00 -2.55239675e+04  1.09205661e+06  8.50798918e+06  0.00000000e+00  0.00000000e+00  0.00000000e+00  6.15229146e+04  1.12599130e+07  4.67674031e+07  0.00000000e+00]
 [-2.54550996e+04  2.54550996e+04  0.00000000e+00  0.00000000e+00  0.00000000e+00  1.69471104e+07  0.00000000e+00  3.60963411e+04  0.00000000e+00  0.00000000e+00  0.00000000e+00  1.20321137e+07 -2.55239675e+04 -6.15229146e+04  0.00000000e+00  0.00000000e+00  0.00000000e+00  5.80273161e+07]]
INFO:root:Started Reverse Cantilever容nd load
INFO:root:Started Cantilever容nd load
DEBUG:root:Shape z disp 0.0: 0.0
DEBUG:root:Shape z disp 0.1: -0.008444090425663573
DEBUG:root:Shape z disp 0.2: -0.03260105697955618
DEBUG:root:Shape z disp 0.3: -0.07072189959754248
DEBUG:root:Shape z disp 0.4: -0.12105761821548705
DEBUG:root:Shape z disp 0.5: -0.18185921276925454
DEBUG:root:Shape z disp 0.6: -0.25137768319470977
DEBUG:root:Shape z disp 0.7: -0.3278640294277171
DEBUG:root:Shape z disp 0.8: -0.4095692514041412
DEBUG:root:Shape z disp 0.9: -0.4947443490598469
DEBUG:root:Shape z disp 1.0: -0.5816403223306985
DEBUG:root:Shape y angle 0.0: -1.8609360682400265e-07
DEBUG:root:Shape y angle 0.1: -0.00033193361681275833
DEBUG:root:Shape y angle 0.2: -0.0006287011387359854
DEBUG:root:Shape y angle 0.3: -0.0008904886593765053
DEBUG:root:Shape y angle 0.4: -0.0011172961787343178
DEBUG:root:Shape y angle 0.5: -0.0013091236968094228
DEBUG:root:Shape y angle 0.6: -0.0014659712136018209
DEBUG:root:Shape y angle 0.7: -0.0015878387291115115
DEBUG:root:Shape y angle 0.8: -0.0016747262433384948
DEBUG:root:Shape y angle 0.9: -0.001726633756282771
DEBUG:root:Shape y angle 1.0: -0.0017435612679443395
INFO:root:Started Multidimensional Simple Support Center Load Test
INFO:root:Started Incline Boundary Conditions
DEBUG:root:
PRE-TRANSFORM 3:
[[ 6.30976478e+04  6.29745449e+04  0.00000000e+00  0.00000000e+00  0.00000000e+00 -6.15514406e+04 -7.21926821e+01  0.00000000e+00  0.00000000e+00  0.00000000e+00  0.00000000e+00 -3.60963411e+04 -8.90954544e+04  3.59989470e+01  0.00000000e+00  0.00000000e+00  0.00000000e+00 -2.54550996e+04]
 [ 6.29745449e+04  1.89025455e+05  0.00000000e+00  0.00000000e+00  0.00000000e+00  2.54550996e+04  0.00000000e+00 -1.26000000e+05  0.00000000e+00  0.00000000e+00  0.00000000e+00  0.00000000e+00 -8.90954544e+04 -3.59989470e+01  0.00000000e+00  0.00000000e+00  0.00000000e+00  2.54550996e+04]
 [ 0.00000000e+00  0.00000000e+00  1.23102881e+02  6.15514406e+04 -2.54550996e+04  0.00000000e+00  0.00000000e+00  0.00000000e+00 -7.21926821e+01  3.60963411e+04  0.00000000e+00  0.00000000e+00  0.00000000e+00  0.00000000e+00 -5.09101991e+01  1.23458588e-12 -3.59989470e+04  0.00000000e+00]
 [ 0.00000000e+00  0.00000000e+00  6.15514406e+04  4.21378284e+07 -1.58894878e+07  0.00000000e+00  0.00000000e+00  0.00000000e+00 -3.60963411e+04  1.20321137e+07  0.00000000e+00  0.00000000e+00  0.00000000e+00  0.00000000e+00 -2.54550996e+04 -1.54440127e+06 -1.19834167e+07  0.00000000e+00]
 [ 0.00000000e+00  0.00000000e+00 -2.54550996e+04 -1.58894878e+07  1.96180023e+07  0.00000000e+00  0.00000000e+00  0.00000000e+00  0.00000000e+00  0.00000000e+00 -1.54440127e+06  0.00000000e+00  0.00000000e+00  0.00000000e+00  2.54550996e+04 -1.54440127e+06  1.19834167e+07  0.00000000e+00]
 [-6.15514406e+04  2.54550996e+04  0.00000000e+00  0.00000000e+00  0.00000000e+00  5.80273161e+07  3.60963411e+04  0.00000000e+00  0.00000000e+00  0.00000000e+00  0.00000000e+00  1.20321137e+07  1.23458588e-12 -3.59989470e+04  0.00000000e+00  0.00000000e+00  0.00000000e+00  1.69471104e+07]
 [-7.21926821e+01  0.00000000e+00  0.00000000e+00  0.00000000e+00  0.00000000e+00  3.60963411e+04  1.26072193e+05  0.00000000e+00  0.00000000e+00  0.00000000e+00  0.00000000e+00  3.60963411e+04 -8.90954544e+04  8.90954544e+04  0.00000000e+00  0.00000000e+00  0.00000000e+00  0.00000000e+00]
 [ 0.00000000e+00 -1.26000000e+05  0.00000000e+00  0.00000000e+00  0.00000000e+00  0.00000000e+00  0.00000000e+00  1.26072193e+05  0.00000000e+00  0.00000000e+00  0.00000000e+00  3.60963411e+04 -5.10479351e+01 -5.10479351e+01  0.00000000e+00  0.00000000e+00  0.00000000e+00  3.60963411e+04]
 [ 0.00000000e+00  0.00000000e+00 -7.21926821e+01 -3.60963411e+04  0.00000000e+00  0.00000000e+00  0.00000000e+00  0.00000000e+00  1.44385364e+02 -3.60963411e+04 -3.60963411e+04  0.00000000e+00  0.00000000e+00  0.00000000e+00 -7.21926821e+01 -2.55239675e+04 -2.55239675e+04  0.00000000e+00]
 [ 0.00000000e+00  0.00000000e+00  3.60963411e+04  1.20321137e+07  0.00000000e+00  0.00000000e+00  0.00000000e+00  0.00000000e+00 -3.60963411e+04  2.56086286e+07  0.00000000e+00  0.00000000e+00  0.00000000e+00  0.00000000e+00  0.00000000e+00 -1.09205661e+06  1.09205661e+06  0.00000000e+00]
 [ 0.00000000e+00  0.00000000e+00  0.00000000e+00  0.00000000e+00 -1.54440127e+06  0.00000000e+00  0.00000000e+00  0.00000000e+00 -3.60963411e+04  0.00000000e+00  2.56086286e+07  0.00000000e+00  0.00000000e+00  0.00000000e+00  3.60963411e+04  8.50798918e+06  8.50798918e+06  0.00000000e+00]
 [-3.60963411e+04  0.00000000e+00  0.00000000e+00  0.00000000e+00  0.00000000e+00  1.20321137e+07  3.60963411e+04  3.60963411e+04  0.00000000e+00  0.00000000e+00  0.00000000e+00  4.81284547e+07 -2.55239675e+04 -2.55239675e+04  0.00000000e+00  0.00000000e+00  0.00000000e+00  1.20321137e+07]
 [-8.90954544e+04 -8.90954544e+04  0.00000000e+00  0.00000000e+00  0.00000000e+00  1.23458588e-12 -8.90954544e+04 -5.10479351e+01  0.00000000e+00  0.00000000e+00  0.00000000e+00 -2.55239675e+04  1.89036096e+05 -6.29639036e+04  0.00000000e+00  0.00000000e+00  0.00000000e+00 -2.55239675e+04]
 [ 3.59989470e+01 -3.59989470e+01  0.00000000e+00  0.00000000e+00  0.00000000e+00 -3.59989470e+04  8.90954544e+04 -5.10479351e+01  0.00000000e+00  0.00000000e+00  0.00000000e+00 -2.55239675e+04 -6.29639036e+04  6.30870065e+04  0.00000000e+00  0.00000000e+00  0.00000000e+00 -6.15229146e+04]
 [ 0.00000000e+00  0.00000000e+00 -5.09101991e+01 -2.54550996e+04  2.54550996e+04  0.00000000e+00  0.00000000e+00  0.00000000e+00 -7.21926821e+01  0.00000000e+00  3.60963411e+04  0.00000000e+00  0.00000000e+00  0.00000000e+00  1.23102881e+02  2.55239675e+04  6.15229146e+04  0.00000000e+00]
 [ 0.00000000e+00  0.00000000e+00  1.23458588e-12 -1.54440127e+06 -1.54440127e+06  0.00000000e+00  0.00000000e+00  0.00000000e+00 -2.55239675e+04 -1.09205661e+06  8.50798918e+06  0.00000000e+00  0.00000000e+00  0.00000000e+00  2.55239675e+04  1.49884275e+07  1.12599130e+07  0.00000000e+00]
 [ 0.00000000e+00  0.00000000e+00 -3.59989470e+04 -1.19834167e+07  1.19834167e+07  0.00000000e+00  0.00000000e+00  0.00000000e+00 -2.55239675e+04  1.09205661e+06  8.50798918e+06  0.00000000e+00  0.00000000e+00  0.00000000e+00  6.15229146e+04  1.12599130e+07  4.67674031e+07  0.00000000e+00]
 [-2.54550996e+04  2.54550996e+04  0.00000000e+00  0.00000000e+00  0.00000000e+00  1.69471104e+07  0.00000000e+00  3.60963411e+04  0.00000000e+00  0.00000000e+00  0.00000000e+00  1.20321137e+07 -2.55239675e+04 -6.15229146e+04  0.00000000e+00  0.00000000e+00  0.00000000e+00  5.80273161e+07]]
INFO:root:Started Reverse Cantilever容nd load
INFO:root:Started annulus Cantilever容nd load
INFO:root:Started Cantilever容nd load
DEBUG:root:Shape z disp 0.0: 0.0
DEBUG:root:Shape z disp 0.1: -0.008444090425663573
DEBUG:root:Shape z disp 0.2: -0.03260105697955618
DEBUG:root:Shape z disp 0.3: -0.07072189959754248
DEBUG:root:Shape z disp 0.4: -0.12105761821548705
DEBUG:root:Shape z disp 0.5: -0.18185921276925454
DEBUG:root:Shape z disp 0.6: -0.25137768319470977
DEBUG:root:Shape z disp 0.7: -0.3278640294277171
DEBUG:root:Shape z disp 0.8: -0.4095692514041412
DEBUG:root:Shape z disp 0.9: -0.4947443490598469
DEBUG:root:Shape z disp 1.0: -0.5816403223306985
DEBUG:root:Shape y angle 0.0: -1.8609360682400265e-07
DEBUG:root:Shape y angle 0.1: -0.00033193361681275833
DEBUG:root:Shape y angle 0.2: -0.0006287011387359854
DEBUG:root:Shape y angle 0.3: -0.0008904886593765053
DEBUG:root:Shape y angle 0.4: -0.0011172961787343178
DEBUG:root:Shape y angle 0.5: -0.0013091236968094228
DEBUG:root:Shape y angle 0.6: -0.0014659712136018209
DEBUG:root:Shape y angle 0.7: -0.0015878387291115115
DEBUG:root:Shape y angle 0.8: -0.0016747262433384948
DEBUG:root:Shape y angle 0.9: -0.001726633756282771
DEBUG:root:Shape y angle 1.0: -0.0017435612679443395
INFO:root:Started Multidimensional Simple Support Center Load Test
INFO:root:Started Incline Boundary Conditions
DEBUG:root:
PRE-TRANSFORM 3:
[[ 6.30976478e+04  6.29745449e+04  0.00000000e+00  0.00000000e+00  0.00000000e+00 -6.15514406e+04 -7.21926821e+01  0.00000000e+00  0.00000000e+00  0.00000000e+00  0.00000000e+00 -3.60963411e+04 -8.90954544e+04  3.59989470e+01  0.00000000e+00  0.00000000e+00  0.00000000e+00 -2.54550996e+04]
 [ 6.29745449e+04  1.89025455e+05  0.00000000e+00  0.00000000e+00  0.00000000e+00  2.54550996e+04  0.00000000e+00 -1.26000000e+05  0.00000000e+00  0.00000000e+00  0.00000000e+00  0.00000000e+00 -8.90954544e+04 -3.59989470e+01  0.00000000e+00  0.00000000e+00  0.00000000e+00  2.54550996e+04]
 [ 0.00000000e+00  0.00000000e+00  1.23102881e+02  6.15514406e+04 -2.54550996e+04  0.00000000e+00  0.00000000e+00  0.00000000e+00 -7.21926821e+01  3.60963411e+04  0.00000000e+00  0.00000000e+00  0.00000000e+00  0.00000000e+00 -5.09101991e+01  1.23458588e-12 -3.59989470e+04  0.00000000e+00]
 [ 0.00000000e+00  0.00000000e+00  6.15514406e+04  4.21378284e+07 -1.58894878e+07  0.00000000e+00  0.00000000e+00  0.00000000e+00 -3.60963411e+04  1.20321137e+07  0.00000000e+00  0.00000000e+00  0.00000000e+00  0.00000000e+00 -2.54550996e+04 -1.54440127e+06 -1.19834167e+07  0.00000000e+00]
 [ 0.00000000e+00  0.00000000e+00 -2.54550996e+04 -1.58894878e+07  1.96180023e+07  0.00000000e+00  0.00000000e+00  0.00000000e+00  0.00000000e+00  0.00000000e+00 -1.54440127e+06  0.00000000e+00  0.00000000e+00  0.00000000e+00  2.54550996e+04 -1.54440127e+06  1.19834167e+07  0.00000000e+00]
 [-6.15514406e+04  2.54550996e+04  0.00000000e+00  0.00000000e+00  0.00000000e+00  5.80273161e+07  3.60963411e+04  0.00000000e+00  0.00000000e+00  0.00000000e+00  0.00000000e+00  1.20321137e+07  1.23458588e-12 -3.59989470e+04  0.00000000e+00  0.00000000e+00  0.00000000e+00  1.69471104e+07]
 [-7.21926821e+01  0.00000000e+00  0.00000000e+00  0.00000000e+00  0.00000000e+00  3.60963411e+04  1.26072193e+05  0.00000000e+00  0.00000000e+00  0.00000000e+00  0.00000000e+00  3.60963411e+04 -8.90954544e+04  8.90954544e+04  0.00000000e+00  0.00000000e+00  0.00000000e+00  0.00000000e+00]
 [ 0.00000000e+00 -1.26000000e+05  0.00000000e+00  0.00000000e+00  0.00000000e+00  0.00000000e+00  0.00000000e+00  1.26072193e+05  0.00000000e+00  0.00000000e+00  0.00000000e+00  3.60963411e+04 -5.10479351e+01 -5.10479351e+01  0.00000000e+00  0.00000000e+00  0.00000000e+00  3.60963411e+04]
 [ 0.00000000e+00  0.00000000e+00 -7.21926821e+01 -3.60963411e+04  0.00000000e+00  0.00000000e+00  0.00000000e+00  0.00000000e+00  1.44385364e+02 -3.60963411e+04 -3.60963411e+04  0.00000000e+00  0.00000000e+00  0.00000000e+00 -7.21926821e+01 -2.55239675e+04 -2.55239675e+04  0.00000000e+00]
 [ 0.00000000e+00  0.00000000e+00  3.60963411e+04  1.20321137e+07  0.00000000e+00  0.00000000e+00  0.00000000e+00  0.00000000e+00 -3.60963411e+04  2.56086286e+07  0.00000000e+00  0.00000000e+00  0.00000000e+00  0.00000000e+00  0.00000000e+00 -1.09205661e+06  1.09205661e+06  0.00000000e+00]
 [ 0.00000000e+00  0.00000000e+00  0.00000000e+00  0.00000000e+00 -1.54440127e+06  0.00000000e+00  0.00000000e+00  0.00000000e+00 -3.60963411e+04  0.00000000e+00  2.56086286e+07  0.00000000e+00  0.00000000e+00  0.00000000e+00  3.60963411e+04  8.50798918e+06  8.50798918e+06  0.00000000e+00]
 [-3.60963411e+04  0.00000000e+00  0.00000000e+00  0.00000000e+00  0.00000000e+00  1.20321137e+07  3.60963411e+04  3.60963411e+04  0.00000000e+00  0.00000000e+00  0.00000000e+00  4.81284547e+07 -2.55239675e+04 -2.55239675e+04  0.00000000e+00  0.00000000e+00  0.00000000e+00  1.20321137e+07]
 [-8.90954544e+04 -8.90954544e+04  0.00000000e+00  0.00000000e+00  0.00000000e+00  1.23458588e-12 -8.90954544e+04 -5.10479351e+01  0.00000000e+00  0.00000000e+00  0.00000000e+00 -2.55239675e+04  1.89036096e+05 -6.29639036e+04  0.00000000e+00  0.00000000e+00  0.00000000e+00 -2.55239675e+04]
 [ 3.59989470e+01 -3.59989470e+01  0.00000000e+00  0.00000000e+00  0.00000000e+00 -3.59989470e+04  8.90954544e+04 -5.10479351e+01  0.00000000e+00  0.00000000e+00  0.00000000e+00 -2.55239675e+04 -6.29639036e+04  6.30870065e+04  0.00000000e+00  0.00000000e+00  0.00000000e+00 -6.15229146e+04]
 [ 0.00000000e+00  0.00000000e+00 -5.09101991e+01 -2.54550996e+04  2.54550996e+04  0.00000000e+00  0.00000000e+00  0.00000000e+00 -7.21926821e+01  0.00000000e+00  3.60963411e+04  0.00000000e+00  0.00000000e+00  0.00000000e+00  1.23102881e+02  2.55239675e+04  6.15229146e+04  0.00000000e+00]
 [ 0.00000000e+00  0.00000000e+00  1.23458588e-12 -1.54440127e+06 -1.54440127e+06  0.00000000e+00  0.00000000e+00  0.00000000e+00 -2.55239675e+04 -1.09205661e+06  8.50798918e+06  0.00000000e+00  0.00000000e+00  0.00000000e+00  2.55239675e+04  1.49884275e+07  1.12599130e+07  0.00000000e+00]
 [ 0.00000000e+00  0.00000000e+00 -3.59989470e+04 -1.19834167e+07  1.19834167e+07  0.00000000e+00  0.00000000e+00  0.00000000e+00 -2.55239675e+04  1.09205661e+06  8.50798918e+06  0.00000000e+00  0.00000000e+00  0.00000000e+00  6.15229146e+04  1.12599130e+07  4.67674031e+07  0.00000000e+00]
 [-2.54550996e+04  2.54550996e+04  0.00000000e+00  0.00000000e+00  0.00000000e+00  1.69471104e+07  0.00000000e+00  3.60963411e+04  0.00000000e+00  0.00000000e+00  0.00000000e+00  1.20321137e+07 -2.55239675e+04 -6.15229146e+04  0.00000000e+00  0.00000000e+00  0.00000000e+00  5.80273161e+07]]
INFO:root:Started Reverse Cantilever容nd load
INFO:root:Started annulus Cantilever容nd load
INFO:root:Started Cantilever容nd load
DEBUG:root:Shape z disp 0.0: 0.0
DEBUG:root:Shape z disp 0.1: -0.008444090425663573
DEBUG:root:Shape z disp 0.2: -0.03260105697955618
DEBUG:root:Shape z disp 0.3: -0.07072189959754248
DEBUG:root:Shape z disp 0.4: -0.12105761821548705
DEBUG:root:Shape z disp 0.5: -0.18185921276925454
DEBUG:root:Shape z disp 0.6: -0.25137768319470977
DEBUG:root:Shape z disp 0.7: -0.3278640294277171
DEBUG:root:Shape z disp 0.8: -0.4095692514041412
DEBUG:root:Shape z disp 0.9: -0.4947443490598469
DEBUG:root:Shape z disp 1.0: -0.5816403223306985
DEBUG:root:Shape y angle 0.0: -1.8609360682400265e-07
DEBUG:root:Shape y angle 0.1: -0.00033193361681275833
DEBUG:root:Shape y angle 0.2: -0.0006287011387359854
DEBUG:root:Shape y angle 0.3: -0.0008904886593765053
DEBUG:root:Shape y angle 0.4: -0.0011172961787343178
DEBUG:root:Shape y angle 0.5: -0.0013091236968094228
DEBUG:root:Shape y angle 0.6: -0.0014659712136018209
DEBUG:root:Shape y angle 0.7: -0.0015878387291115115
DEBUG:root:Shape y angle 0.8: -0.0016747262433384948
DEBUG:root:Shape y angle 0.9: -0.001726633756282771
DEBUG:root:Shape y angle 1.0: -0.0017435612679443395
INFO:root:Started Multidimensional Simple Support Center Load Test
INFO:root:Started Incline Boundary Conditions
DEBUG:root:
PRE-TRANSFORM 3:
[[ 6.30976478e+04  6.29745449e+04  0.00000000e+00  0.00000000e+00  0.00000000e+00 -6.15514406e+04 -7.21926821e+01  0.00000000e+00  0.00000000e+00  0.00000000e+00  0.00000000e+00 -3.60963411e+04 -8.90954544e+04  3.59989470e+01  0.00000000e+00  0.00000000e+00  0.00000000e+00 -2.54550996e+04]
 [ 6.29745449e+04  1.89025455e+05  0.00000000e+00  0.00000000e+00  0.00000000e+00  2.54550996e+04  0.00000000e+00 -1.26000000e+05  0.00000000e+00  0.00000000e+00  0.00000000e+00  0.00000000e+00 -8.90954544e+04 -3.59989470e+01  0.00000000e+00  0.00000000e+00  0.00000000e+00  2.54550996e+04]
 [ 0.00000000e+00  0.00000000e+00  1.23102881e+02  6.15514406e+04 -2.54550996e+04  0.00000000e+00  0.00000000e+00  0.00000000e+00 -7.21926821e+01  3.60963411e+04  0.00000000e+00  0.00000000e+00  0.00000000e+00  0.00000000e+00 -5.09101991e+01  1.23458588e-12 -3.59989470e+04  0.00000000e+00]
 [ 0.00000000e+00  0.00000000e+00  6.15514406e+04  4.21378284e+07 -1.58894878e+07  0.00000000e+00  0.00000000e+00  0.00000000e+00 -3.60963411e+04  1.20321137e+07  0.00000000e+00  0.00000000e+00  0.00000000e+00  0.00000000e+00 -2.54550996e+04 -1.54440127e+06 -1.19834167e+07  0.00000000e+00]
 [ 0.00000000e+00  0.00000000e+00 -2.54550996e+04 -1.58894878e+07  1.96180023e+07  0.00000000e+00  0.00000000e+00  0.00000000e+00  0.00000000e+00  0.00000000e+00 -1.54440127e+06  0.00000000e+00  0.00000000e+00  0.00000000e+00  2.54550996e+04 -1.54440127e+06  1.19834167e+07  0.00000000e+00]
 [-6.15514406e+04  2.54550996e+04  0.00000000e+00  0.00000000e+00  0.00000000e+00  5.80273161e+07  3.60963411e+04  0.00000000e+00  0.00000000e+00  0.00000000e+00  0.00000000e+00  1.20321137e+07  1.23458588e-12 -3.59989470e+04  0.00000000e+00  0.00000000e+00  0.00000000e+00  1.69471104e+07]
 [-7.21926821e+01  0.00000000e+00  0.00000000e+00  0.00000000e+00  0.00000000e+00  3.60963411e+04  1.26072193e+05  0.00000000e+00  0.00000000e+00  0.00000000e+00  0.00000000e+00  3.60963411e+04 -8.90954544e+04  8.90954544e+04  0.00000000e+00  0.00000000e+00  0.00000000e+00  0.00000000e+00]
 [ 0.00000000e+00 -1.26000000e+05  0.00000000e+00  0.00000000e+00  0.00000000e+00  0.00000000e+00  0.00000000e+00  1.26072193e+05  0.00000000e+00  0.00000000e+00  0.00000000e+00  3.60963411e+04 -5.10479351e+01 -5.10479351e+01  0.00000000e+00  0.00000000e+00  0.00000000e+00  3.60963411e+04]
 [ 0.00000000e+00  0.00000000e+00 -7.21926821e+01 -3.60963411e+04  0.00000000e+00  0.00000000e+00  0.00000000e+00  0.00000000e+00  1.44385364e+02 -3.60963411e+04 -3.60963411e+04  0.00000000e+00  0.00000000e+00  0.00000000e+00 -7.21926821e+01 -2.55239675e+04 -2.55239675e+04  0.00000000e+00]
 [ 0.00000000e+00  0.00000000e+00  3.60963411e+04  1.20321137e+07  0.00000000e+00  0.00000000e+00  0.00000000e+00  0.00000000e+00 -3.60963411e+04  2.56086286e+07  0.00000000e+00  0.00000000e+00  0.00000000e+00  0.00000000e+00  0.00000000e+00 -1.09205661e+06  1.09205661e+06  0.00000000e+00]
 [ 0.00000000e+00  0.00000000e+00  0.00000000e+00  0.00000000e+00 -1.54440127e+06  0.00000000e+00  0.00000000e+00  0.00000000e+00 -3.60963411e+04  0.00000000e+00  2.56086286e+07  0.00000000e+00  0.00000000e+00  0.00000000e+00  3.60963411e+04  8.50798918e+06  8.50798918e+06  0.00000000e+00]
 [-3.60963411e+04  0.00000000e+00  0.00000000e+00  0.00000000e+00  0.00000000e+00  1.20321137e+07  3.60963411e+04  3.60963411e+04  0.00000000e+00  0.00000000e+00  0.00000000e+00  4.81284547e+07 -2.55239675e+04 -2.55239675e+04  0.00000000e+00  0.00000000e+00  0.00000000e+00  1.20321137e+07]
 [-8.90954544e+04 -8.90954544e+04  0.00000000e+00  0.00000000e+00  0.00000000e+00  1.23458588e-12 -8.90954544e+04 -5.10479351e+01  0.00000000e+00  0.00000000e+00  0.00000000e+00 -2.55239675e+04  1.89036096e+05 -6.29639036e+04  0.00000000e+00  0.00000000e+00  0.00000000e+00 -2.55239675e+04]
 [ 3.59989470e+01 -3.59989470e+01  0.00000000e+00  0.00000000e+00  0.00000000e+00 -3.59989470e+04  8.90954544e+04 -5.10479351e+01  0.00000000e+00  0.00000000e+00  0.00000000e+00 -2.55239675e+04 -6.29639036e+04  6.30870065e+04  0.00000000e+00  0.00000000e+00  0.00000000e+00 -6.15229146e+04]
 [ 0.00000000e+00  0.00000000e+00 -5.09101991e+01 -2.54550996e+04  2.54550996e+04  0.00000000e+00  0.00000000e+00  0.00000000e+00 -7.21926821e+01  0.00000000e+00  3.60963411e+04  0.00000000e+00  0.00000000e+00  0.00000000e+00  1.23102881e+02  2.55239675e+04  6.15229146e+04  0.00000000e+00]
 [ 0.00000000e+00  0.00000000e+00  1.23458588e-12 -1.54440127e+06 -1.54440127e+06  0.00000000e+00  0.00000000e+00  0.00000000e+00 -2.55239675e+04 -1.09205661e+06  8.50798918e+06  0.00000000e+00  0.00000000e+00  0.00000000e+00  2.55239675e+04  1.49884275e+07  1.12599130e+07  0.00000000e+00]
 [ 0.00000000e+00  0.00000000e+00 -3.59989470e+04 -1.19834167e+07  1.19834167e+07  0.00000000e+00  0.00000000e+00  0.00000000e+00 -2.55239675e+04  1.09205661e+06  8.50798918e+06  0.00000000e+00  0.00000000e+00  0.00000000e+00  6.15229146e+04  1.12599130e+07  4.67674031e+07  0.00000000e+00]
 [-2.54550996e+04  2.54550996e+04  0.00000000e+00  0.00000000e+00  0.00000000e+00  1.69471104e+07  0.00000000e+00  3.60963411e+04  0.00000000e+00  0.00000000e+00  0.00000000e+00  1.20321137e+07 -2.55239675e+04 -6.15229146e+04  0.00000000e+00  0.00000000e+00  0.00000000e+00  5.80273161e+07]]
INFO:root:Started Reverse Cantilever容nd load
INFO:root:Started annulus Cantilever容nd load
INFO:root:Started Multidimensional Simple Support Center Load Test
INFO:root:Started Incline Boundary Conditions
DEBUG:root:
PRE-TRANSFORM 3:
[[ 6.30976478e+04  6.29745449e+04  0.00000000e+00  0.00000000e+00  0.00000000e+00 -6.15514406e+04 -7.21926821e+01  0.00000000e+00  0.00000000e+00  0.00000000e+00  0.00000000e+00 -3.60963411e+04 -8.90954544e+04  3.59989470e+01  0.00000000e+00  0.00000000e+00  0.00000000e+00 -2.54550996e+04]
 [ 6.29745449e+04  1.89025455e+05  0.00000000e+00  0.00000000e+00  0.00000000e+00  2.54550996e+04  0.00000000e+00 -1.26000000e+05  0.00000000e+00  0.00000000e+00  0.00000000e+00  0.00000000e+00 -8.90954544e+04 -3.59989470e+01  0.00000000e+00  0.00000000e+00  0.00000000e+00  2.54550996e+04]
 [ 0.00000000e+00  0.00000000e+00  1.23102881e+02  6.15514406e+04 -2.54550996e+04  0.00000000e+00  0.00000000e+00  0.00000000e+00 -7.21926821e+01  3.60963411e+04  0.00000000e+00  0.00000000e+00  0.00000000e+00  0.00000000e+00 -5.09101991e+01  1.23458588e-12 -3.59989470e+04  0.00000000e+00]
 [ 0.00000000e+00  0.00000000e+00  6.15514406e+04  4.21378284e+07 -1.58894878e+07  0.00000000e+00  0.00000000e+00  0.00000000e+00 -3.60963411e+04  1.20321137e+07  0.00000000e+00  0.00000000e+00  0.00000000e+00  0.00000000e+00 -2.54550996e+04 -1.54440127e+06 -1.19834167e+07  0.00000000e+00]
 [ 0.00000000e+00  0.00000000e+00 -2.54550996e+04 -1.58894878e+07  1.96180023e+07  0.00000000e+00  0.00000000e+00  0.00000000e+00  0.00000000e+00  0.00000000e+00 -1.54440127e+06  0.00000000e+00  0.00000000e+00  0.00000000e+00  2.54550996e+04 -1.54440127e+06  1.19834167e+07  0.00000000e+00]
 [-6.15514406e+04  2.54550996e+04  0.00000000e+00  0.00000000e+00  0.00000000e+00  5.80273161e+07  3.60963411e+04  0.00000000e+00  0.00000000e+00  0.00000000e+00  0.00000000e+00  1.20321137e+07  1.23458588e-12 -3.59989470e+04  0.00000000e+00  0.00000000e+00  0.00000000e+00  1.69471104e+07]
 [-7.21926821e+01  0.00000000e+00  0.00000000e+00  0.00000000e+00  0.00000000e+00  3.60963411e+04  1.26072193e+05  0.00000000e+00  0.00000000e+00  0.00000000e+00  0.00000000e+00  3.60963411e+04 -8.90954544e+04  8.90954544e+04  0.00000000e+00  0.00000000e+00  0.00000000e+00  0.00000000e+00]
 [ 0.00000000e+00 -1.26000000e+05  0.00000000e+00  0.00000000e+00  0.00000000e+00  0.00000000e+00  0.00000000e+00  1.26072193e+05  0.00000000e+00  0.00000000e+00  0.00000000e+00  3.60963411e+04 -5.10479351e+01 -5.10479351e+01  0.00000000e+00  0.00000000e+00  0.00000000e+00  3.60963411e+04]
 [ 0.00000000e+00  0.00000000e+00 -7.21926821e+01 -3.60963411e+04  0.00000000e+00  0.00000000e+00  0.00000000e+00  0.00000000e+00  1.44385364e+02 -3.60963411e+04 -3.60963411e+04  0.00000000e+00  0.00000000e+00  0.00000000e+00 -7.21926821e+01 -2.55239675e+04 -2.55239675e+04  0.00000000e+00]
 [ 0.00000000e+00  0.00000000e+00  3.60963411e+04  1.20321137e+07  0.00000000e+00  0.00000000e+00  0.00000000e+00  0.00000000e+00 -3.60963411e+04  2.56086286e+07  0.00000000e+00  0.00000000e+00  0.00000000e+00  0.00000000e+00  0.00000000e+00 -1.09205661e+06  1.09205661e+06  0.00000000e+00]
 [ 0.00000000e+00  0.00000000e+00  0.00000000e+00  0.00000000e+00 -1.54440127e+06  0.00000000e+00  0.00000000e+00  0.00000000e+00 -3.60963411e+04  0.00000000e+00  2.56086286e+07  0.00000000e+00  0.00000000e+00  0.00000000e+00  3.60963411e+04  8.50798918e+06  8.50798918e+06  0.00000000e+00]
 [-3.60963411e+04  0.00000000e+00  0.00000000e+00  0.00000000e+00  0.00000000e+00  1.20321137e+07  3.60963411e+04  3.60963411e+04  0.00000000e+00  0.00000000e+00  0.00000000e+00  4.81284547e+07 -2.55239675e+04 -2.55239675e+04  0.00000000e+00  0.00000000e+00  0.00000000e+00  1.20321137e+07]
 [-8.90954544e+04 -8.90954544e+04  0.00000000e+00  0.00000000e+00  0.00000000e+00  1.23458588e-12 -8.90954544e+04 -5.10479351e+01  0.00000000e+00  0.00000000e+00  0.00000000e+00 -2.55239675e+04  1.89036096e+05 -6.29639036e+04  0.00000000e+00  0.00000000e+00  0.00000000e+00 -2.55239675e+04]
 [ 3.59989470e+01 -3.59989470e+01  0.00000000e+00  0.00000000e+00  0.00000000e+00 -3.59989470e+04  8.90954544e+04 -5.10479351e+01  0.00000000e+00  0.00000000e+00  0.00000000e+00 -2.55239675e+04 -6.29639036e+04  6.30870065e+04  0.00000000e+00  0.00000000e+00  0.00000000e+00 -6.15229146e+04]
 [ 0.00000000e+00  0.00000000e+00 -5.09101991e+01 -2.54550996e+04  2.54550996e+04  0.00000000e+00  0.00000000e+00  0.00000000e+00 -7.21926821e+01  0.00000000e+00  3.60963411e+04  0.00000000e+00  0.00000000e+00  0.00000000e+00  1.23102881e+02  2.55239675e+04  6.15229146e+04  0.00000000e+00]
 [ 0.00000000e+00  0.00000000e+00  1.23458588e-12 -1.54440127e+06 -1.54440127e+06  0.00000000e+00  0.00000000e+00  0.00000000e+00 -2.55239675e+04 -1.09205661e+06  8.50798918e+06  0.00000000e+00  0.00000000e+00  0.00000000e+00  2.55239675e+04  1.49884275e+07  1.12599130e+07  0.00000000e+00]
 [ 0.00000000e+00  0.00000000e+00 -3.59989470e+04 -1.19834167e+07  1.19834167e+07  0.00000000e+00  0.00000000e+00  0.00000000e+00 -2.55239675e+04  1.09205661e+06  8.50798918e+06  0.00000000e+00  0.00000000e+00  0.00000000e+00  6.15229146e+04  1.12599130e+07  4.67674031e+07  0.00000000e+00]
 [-2.54550996e+04  2.54550996e+04  0.00000000e+00  0.00000000e+00  0.00000000e+00  1.69471104e+07  0.00000000e+00  3.60963411e+04  0.00000000e+00  0.00000000e+00  0.00000000e+00  1.20321137e+07 -2.55239675e+04 -6.15229146e+04  0.00000000e+00  0.00000000e+00  0.00000000e+00  5.80273161e+07]]
INFO:root:Started Reverse Cantilever容nd load
INFO:root:Started annulus Cantilever容nd load
INFO:root:Started Multidimensional Simple Support Center Load Test
INFO:root:Started Incline Boundary Conditions
DEBUG:root:
PRE-TRANSFORM 3:
[[ 6.30976478e+04  6.29745449e+04  0.00000000e+00  0.00000000e+00  0.00000000e+00 -6.15514406e+04 -7.21926821e+01  0.00000000e+00  0.00000000e+00  0.00000000e+00  0.00000000e+00 -3.60963411e+04 -8.90954544e+04  3.59989470e+01  0.00000000e+00  0.00000000e+00  0.00000000e+00 -2.54550996e+04]
 [ 6.29745449e+04  1.89025455e+05  0.00000000e+00  0.00000000e+00  0.00000000e+00  2.54550996e+04  0.00000000e+00 -1.26000000e+05  0.00000000e+00  0.00000000e+00  0.00000000e+00  0.00000000e+00 -8.90954544e+04 -3.59989470e+01  0.00000000e+00  0.00000000e+00  0.00000000e+00  2.54550996e+04]
 [ 0.00000000e+00  0.00000000e+00  1.23102881e+02  6.15514406e+04 -2.54550996e+04  0.00000000e+00  0.00000000e+00  0.00000000e+00 -7.21926821e+01  3.60963411e+04  0.00000000e+00  0.00000000e+00  0.00000000e+00  0.00000000e+00 -5.09101991e+01  1.23458588e-12 -3.59989470e+04  0.00000000e+00]
 [ 0.00000000e+00  0.00000000e+00  6.15514406e+04  4.21378284e+07 -1.58894878e+07  0.00000000e+00  0.00000000e+00  0.00000000e+00 -3.60963411e+04  1.20321137e+07  0.00000000e+00  0.00000000e+00  0.00000000e+00  0.00000000e+00 -2.54550996e+04 -1.54440127e+06 -1.19834167e+07  0.00000000e+00]
 [ 0.00000000e+00  0.00000000e+00 -2.54550996e+04 -1.58894878e+07  1.96180023e+07  0.00000000e+00  0.00000000e+00  0.00000000e+00  0.00000000e+00  0.00000000e+00 -1.54440127e+06  0.00000000e+00  0.00000000e+00  0.00000000e+00  2.54550996e+04 -1.54440127e+06  1.19834167e+07  0.00000000e+00]
 [-6.15514406e+04  2.54550996e+04  0.00000000e+00  0.00000000e+00  0.00000000e+00  5.80273161e+07  3.60963411e+04  0.00000000e+00  0.00000000e+00  0.00000000e+00  0.00000000e+00  1.20321137e+07  1.23458588e-12 -3.59989470e+04  0.00000000e+00  0.00000000e+00  0.00000000e+00  1.69471104e+07]
 [-7.21926821e+01  0.00000000e+00  0.00000000e+00  0.00000000e+00  0.00000000e+00  3.60963411e+04  1.26072193e+05  0.00000000e+00  0.00000000e+00  0.00000000e+00  0.00000000e+00  3.60963411e+04 -8.90954544e+04  8.90954544e+04  0.00000000e+00  0.00000000e+00  0.00000000e+00  0.00000000e+00]
 [ 0.00000000e+00 -1.26000000e+05  0.00000000e+00  0.00000000e+00  0.00000000e+00  0.00000000e+00  0.00000000e+00  1.26072193e+05  0.00000000e+00  0.00000000e+00  0.00000000e+00  3.60963411e+04 -5.10479351e+01 -5.10479351e+01  0.00000000e+00  0.00000000e+00  0.00000000e+00  3.60963411e+04]
 [ 0.00000000e+00  0.00000000e+00 -7.21926821e+01 -3.60963411e+04  0.00000000e+00  0.00000000e+00  0.00000000e+00  0.00000000e+00  1.44385364e+02 -3.60963411e+04 -3.60963411e+04  0.00000000e+00  0.00000000e+00  0.00000000e+00 -7.21926821e+01 -2.55239675e+04 -2.55239675e+04  0.00000000e+00]
 [ 0.00000000e+00  0.00000000e+00  3.60963411e+04  1.20321137e+07  0.00000000e+00  0.00000000e+00  0.00000000e+00  0.00000000e+00 -3.60963411e+04  2.56086286e+07  0.00000000e+00  0.00000000e+00  0.00000000e+00  0.00000000e+00  0.00000000e+00 -1.09205661e+06  1.09205661e+06  0.00000000e+00]
 [ 0.00000000e+00  0.00000000e+00  0.00000000e+00  0.00000000e+00 -1.54440127e+06  0.00000000e+00  0.00000000e+00  0.00000000e+00 -3.60963411e+04  0.00000000e+00  2.56086286e+07  0.00000000e+00  0.00000000e+00  0.00000000e+00  3.60963411e+04  8.50798918e+06  8.50798918e+06  0.00000000e+00]
 [-3.60963411e+04  0.00000000e+00  0.00000000e+00  0.00000000e+00  0.00000000e+00  1.20321137e+07  3.60963411e+04  3.60963411e+04  0.00000000e+00  0.00000000e+00  0.00000000e+00  4.81284547e+07 -2.55239675e+04 -2.55239675e+04  0.00000000e+00  0.00000000e+00  0.00000000e+00  1.20321137e+07]
 [-8.90954544e+04 -8.90954544e+04  0.00000000e+00  0.00000000e+00  0.00000000e+00  1.23458588e-12 -8.90954544e+04 -5.10479351e+01  0.00000000e+00  0.00000000e+00  0.00000000e+00 -2.55239675e+04  1.89036096e+05 -6.29639036e+04  0.00000000e+00  0.00000000e+00  0.00000000e+00 -2.55239675e+04]
 [ 3.59989470e+01 -3.59989470e+01  0.00000000e+00  0.00000000e+00  0.00000000e+00 -3.59989470e+04  8.90954544e+04 -5.10479351e+01  0.00000000e+00  0.00000000e+00  0.00000000e+00 -2.55239675e+04 -6.29639036e+04  6.30870065e+04  0.00000000e+00  0.00000000e+00  0.00000000e+00 -6.15229146e+04]
 [ 0.00000000e+00  0.00000000e+00 -5.09101991e+01 -2.54550996e+04  2.54550996e+04  0.00000000e+00  0.00000000e+00  0.00000000e+00 -7.21926821e+01  0.00000000e+00  3.60963411e+04  0.00000000e+00  0.00000000e+00  0.00000000e+00  1.23102881e+02  2.55239675e+04  6.15229146e+04  0.00000000e+00]
 [ 0.00000000e+00  0.00000000e+00  1.23458588e-12 -1.54440127e+06 -1.54440127e+06  0.00000000e+00  0.00000000e+00  0.00000000e+00 -2.55239675e+04 -1.09205661e+06  8.50798918e+06  0.00000000e+00  0.00000000e+00  0.00000000e+00  2.55239675e+04  1.49884275e+07  1.12599130e+07  0.00000000e+00]
 [ 0.00000000e+00  0.00000000e+00 -3.59989470e+04 -1.19834167e+07  1.19834167e+07  0.00000000e+00  0.00000000e+00  0.00000000e+00 -2.55239675e+04  1.09205661e+06  8.50798918e+06  0.00000000e+00  0.00000000e+00  0.00000000e+00  6.15229146e+04  1.12599130e+07  4.67674031e+07  0.00000000e+00]
 [-2.54550996e+04  2.54550996e+04  0.00000000e+00  0.00000000e+00  0.00000000e+00  1.69471104e+07  0.00000000e+00  3.60963411e+04  0.00000000e+00  0.00000000e+00  0.00000000e+00  1.20321137e+07 -2.55239675e+04 -6.15229146e+04  0.00000000e+00  0.00000000e+00  0.00000000e+00  5.80273161e+07]]
INFO:root:Started Reverse Cantilever容nd load
INFO:root:Started annulus Cantilever容nd load
INFO:root:Started Cantilever容nd load
DEBUG:root:Shape z disp 0.0: 0.0
DEBUG:root:Shape z disp 0.1: -0.008444090425663573
DEBUG:root:Shape z disp 0.2: -0.03260105697955618
DEBUG:root:Shape z disp 0.3: -0.07072189959754248
DEBUG:root:Shape z disp 0.4: -0.12105761821548705
DEBUG:root:Shape z disp 0.5: -0.18185921276925454
DEBUG:root:Shape z disp 0.6: -0.25137768319470977
DEBUG:root:Shape z disp 0.7: -0.3278640294277171
DEBUG:root:Shape z disp 0.8: -0.4095692514041412
DEBUG:root:Shape z disp 0.9: -0.4947443490598469
DEBUG:root:Shape z disp 1.0: -0.5816403223306985
DEBUG:root:Shape y angle 0.0: -1.8609360682400265e-07
DEBUG:root:Shape y angle 0.1: -0.00033193361681275833
DEBUG:root:Shape y angle 0.2: -0.0006287011387359854
DEBUG:root:Shape y angle 0.3: -0.0008904886593765053
DEBUG:root:Shape y angle 0.4: -0.0011172961787343178
DEBUG:root:Shape y angle 0.5: -0.0013091236968094228
DEBUG:root:Shape y angle 0.6: -0.0014659712136018209
DEBUG:root:Shape y angle 0.7: -0.0015878387291115115
DEBUG:root:Shape y angle 0.8: -0.0016747262433384948
DEBUG:root:Shape y angle 0.9: -0.001726633756282771
DEBUG:root:Shape y angle 1.0: -0.0017435612679443395
INFO:root:Started Multidimensional Simple Support Center Load Test
INFO:root:Started Incline Boundary Conditions
DEBUG:root:
PRE-TRANSFORM 3:
[[ 6.30976478e+04  6.29745449e+04  0.00000000e+00  0.00000000e+00  0.00000000e+00 -6.15514406e+04 -7.21926821e+01  0.00000000e+00  0.00000000e+00  0.00000000e+00  0.00000000e+00 -3.60963411e+04 -8.90954544e+04  3.59989470e+01  0.00000000e+00  0.00000000e+00  0.00000000e+00 -2.54550996e+04]
 [ 6.29745449e+04  1.89025455e+05  0.00000000e+00  0.00000000e+00  0.00000000e+00  2.54550996e+04  0.00000000e+00 -1.26000000e+05  0.00000000e+00  0.00000000e+00  0.00000000e+00  0.00000000e+00 -8.90954544e+04 -3.59989470e+01  0.00000000e+00  0.00000000e+00  0.00000000e+00  2.54550996e+04]
 [ 0.00000000e+00  0.00000000e+00  1.23102881e+02  6.15514406e+04 -2.54550996e+04  0.00000000e+00  0.00000000e+00  0.00000000e+00 -7.21926821e+01  3.60963411e+04  0.00000000e+00  0.00000000e+00  0.00000000e+00  0.00000000e+00 -5.09101991e+01  1.23458588e-12 -3.59989470e+04  0.00000000e+00]
 [ 0.00000000e+00  0.00000000e+00  6.15514406e+04  4.21378284e+07 -1.58894878e+07  0.00000000e+00  0.00000000e+00  0.00000000e+00 -3.60963411e+04  1.20321137e+07  0.00000000e+00  0.00000000e+00  0.00000000e+00  0.00000000e+00 -2.54550996e+04 -1.54440127e+06 -1.19834167e+07  0.00000000e+00]
 [ 0.00000000e+00  0.00000000e+00 -2.54550996e+04 -1.58894878e+07  1.96180023e+07  0.00000000e+00  0.00000000e+00  0.00000000e+00  0.00000000e+00  0.00000000e+00 -1.54440127e+06  0.00000000e+00  0.00000000e+00  0.00000000e+00  2.54550996e+04 -1.54440127e+06  1.19834167e+07  0.00000000e+00]
 [-6.15514406e+04  2.54550996e+04  0.00000000e+00  0.00000000e+00  0.00000000e+00  5.80273161e+07  3.60963411e+04  0.00000000e+00  0.00000000e+00  0.00000000e+00  0.00000000e+00  1.20321137e+07  1.23458588e-12 -3.59989470e+04  0.00000000e+00  0.00000000e+00  0.00000000e+00  1.69471104e+07]
 [-7.21926821e+01  0.00000000e+00  0.00000000e+00  0.00000000e+00  0.00000000e+00  3.60963411e+04  1.26072193e+05  0.00000000e+00  0.00000000e+00  0.00000000e+00  0.00000000e+00  3.60963411e+04 -8.90954544e+04  8.90954544e+04  0.00000000e+00  0.00000000e+00  0.00000000e+00  0.00000000e+00]
 [ 0.00000000e+00 -1.26000000e+05  0.00000000e+00  0.00000000e+00  0.00000000e+00  0.00000000e+00  0.00000000e+00  1.26072193e+05  0.00000000e+00  0.00000000e+00  0.00000000e+00  3.60963411e+04 -5.10479351e+01 -5.10479351e+01  0.00000000e+00  0.00000000e+00  0.00000000e+00  3.60963411e+04]
 [ 0.00000000e+00  0.00000000e+00 -7.21926821e+01 -3.60963411e+04  0.00000000e+00  0.00000000e+00  0.00000000e+00  0.00000000e+00  1.44385364e+02 -3.60963411e+04 -3.60963411e+04  0.00000000e+00  0.00000000e+00  0.00000000e+00 -7.21926821e+01 -2.55239675e+04 -2.55239675e+04  0.00000000e+00]
 [ 0.00000000e+00  0.00000000e+00  3.60963411e+04  1.20321137e+07  0.00000000e+00  0.00000000e+00  0.00000000e+00  0.00000000e+00 -3.60963411e+04  2.56086286e+07  0.00000000e+00  0.00000000e+00  0.00000000e+00  0.00000000e+00  0.00000000e+00 -1.09205661e+06  1.09205661e+06  0.00000000e+00]
 [ 0.00000000e+00  0.00000000e+00  0.00000000e+00  0.00000000e+00 -1.54440127e+06  0.00000000e+00  0.00000000e+00  0.00000000e+00 -3.60963411e+04  0.00000000e+00  2.56086286e+07  0.00000000e+00  0.00000000e+00  0.00000000e+00  3.60963411e+04  8.50798918e+06  8.50798918e+06  0.00000000e+00]
 [-3.60963411e+04  0.00000000e+00  0.00000000e+00  0.00000000e+00  0.00000000e+00  1.20321137e+07  3.60963411e+04  3.60963411e+04  0.00000000e+00  0.00000000e+00  0.00000000e+00  4.81284547e+07 -2.55239675e+04 -2.55239675e+04  0.00000000e+00  0.00000000e+00  0.00000000e+00  1.20321137e+07]
 [-8.90954544e+04 -8.90954544e+04  0.00000000e+00  0.00000000e+00  0.00000000e+00  1.23458588e-12 -8.90954544e+04 -5.10479351e+01  0.00000000e+00  0.00000000e+00  0.00000000e+00 -2.55239675e+04  1.89036096e+05 -6.29639036e+04  0.00000000e+00  0.00000000e+00  0.00000000e+00 -2.55239675e+04]
 [ 3.59989470e+01 -3.59989470e+01  0.00000000e+00  0.00000000e+00  0.00000000e+00 -3.59989470e+04  8.90954544e+04 -5.10479351e+01  0.00000000e+00  0.00000000e+00  0.00000000e+00 -2.55239675e+04 -6.29639036e+04  6.30870065e+04  0.00000000e+00  0.00000000e+00  0.00000000e+00 -6.15229146e+04]
 [ 0.00000000e+00  0.00000000e+00 -5.09101991e+01 -2.54550996e+04  2.54550996e+04  0.00000000e+00  0.00000000e+00  0.00000000e+00 -7.21926821e+01  0.00000000e+00  3.60963411e+04  0.00000000e+00  0.00000000e+00  0.00000000e+00  1.23102881e+02  2.55239675e+04  6.15229146e+04  0.00000000e+00]
 [ 0.00000000e+00  0.00000000e+00  1.23458588e-12 -1.54440127e+06 -1.54440127e+06  0.00000000e+00  0.00000000e+00  0.00000000e+00 -2.55239675e+04 -1.09205661e+06  8.50798918e+06  0.00000000e+00  0.00000000e+00  0.00000000e+00  2.55239675e+04  1.49884275e+07  1.12599130e+07  0.00000000e+00]
 [ 0.00000000e+00  0.00000000e+00 -3.59989470e+04 -1.19834167e+07  1.19834167e+07  0.00000000e+00  0.00000000e+00  0.00000000e+00 -2.55239675e+04  1.09205661e+06  8.50798918e+06  0.00000000e+00  0.00000000e+00  0.00000000e+00  6.15229146e+04  1.12599130e+07  4.67674031e+07  0.00000000e+00]
 [-2.54550996e+04  2.54550996e+04  0.00000000e+00  0.00000000e+00  0.00000000e+00  1.69471104e+07  0.00000000e+00  3.60963411e+04  0.00000000e+00  0.00000000e+00  0.00000000e+00  1.20321137e+07 -2.55239675e+04 -6.15229146e+04  0.00000000e+00  0.00000000e+00  0.00000000e+00  5.80273161e+07]]
INFO:root:Started Reverse Cantilever容nd load
INFO:root:Started annulus Cantilever容nd load
INFO:root:Started Cantilever容nd load
DEBUG:root:Shape z disp 0.0: 0.0
DEBUG:root:Shape z disp 0.1: -0.008444090425663573
DEBUG:root:Shape z disp 0.2: -0.03260105697955618
DEBUG:root:Shape z disp 0.3: -0.07072189959754248
DEBUG:root:Shape z disp 0.4: -0.12105761821548705
DEBUG:root:Shape z disp 0.5: -0.18185921276925454
DEBUG:root:Shape z disp 0.6: -0.25137768319470977
DEBUG:root:Shape z disp 0.7: -0.3278640294277171
DEBUG:root:Shape z disp 0.8: -0.4095692514041412
DEBUG:root:Shape z disp 0.9: -0.4947443490598469
DEBUG:root:Shape z disp 1.0: -0.5816403223306985
DEBUG:root:Shape y angle 0.0: -1.8609360682400265e-07
DEBUG:root:Shape y angle 0.1: -0.00033193361681275833
DEBUG:root:Shape y angle 0.2: -0.0006287011387359854
DEBUG:root:Shape y angle 0.3: -0.0008904886593765053
DEBUG:root:Shape y angle 0.4: -0.0011172961787343178
DEBUG:root:Shape y angle 0.5: -0.0013091236968094228
DEBUG:root:Shape y angle 0.6: -0.0014659712136018209
DEBUG:root:Shape y angle 0.7: -0.0015878387291115115
DEBUG:root:Shape y angle 0.8: -0.0016747262433384948
DEBUG:root:Shape y angle 0.9: -0.001726633756282771
DEBUG:root:Shape y angle 1.0: -0.0017435612679443395
INFO:root:Started Multidimensional Simple Support Center Load Test
INFO:root:Started Incline Boundary Conditions
DEBUG:root:
PRE-TRANSFORM 3:
[[ 6.30976478e+04  6.29745449e+04  0.00000000e+00  0.00000000e+00  0.00000000e+00 -6.15514406e+04 -7.21926821e+01  0.00000000e+00  0.00000000e+00  0.00000000e+00  0.00000000e+00 -3.60963411e+04 -8.90954544e+04  3.59989470e+01  0.00000000e+00  0.00000000e+00  0.00000000e+00 -2.54550996e+04]
 [ 6.29745449e+04  1.89025455e+05  0.00000000e+00  0.00000000e+00  0.00000000e+00  2.54550996e+04  0.00000000e+00 -1.26000000e+05  0.00000000e+00  0.00000000e+00  0.00000000e+00  0.00000000e+00 -8.90954544e+04 -3.59989470e+01  0.00000000e+00  0.00000000e+00  0.00000000e+00  2.54550996e+04]
 [ 0.00000000e+00  0.00000000e+00  1.23102881e+02  6.15514406e+04 -2.54550996e+04  0.00000000e+00  0.00000000e+00  0.00000000e+00 -7.21926821e+01  3.60963411e+04  0.00000000e+00  0.00000000e+00  0.00000000e+00  0.00000000e+00 -5.09101991e+01  1.23458588e-12 -3.59989470e+04  0.00000000e+00]
 [ 0.00000000e+00  0.00000000e+00  6.15514406e+04  4.21378284e+07 -1.58894878e+07  0.00000000e+00  0.00000000e+00  0.00000000e+00 -3.60963411e+04  1.20321137e+07  0.00000000e+00  0.00000000e+00  0.00000000e+00  0.00000000e+00 -2.54550996e+04 -1.54440127e+06 -1.19834167e+07  0.00000000e+00]
 [ 0.00000000e+00  0.00000000e+00 -2.54550996e+04 -1.58894878e+07  1.96180023e+07  0.00000000e+00  0.00000000e+00  0.00000000e+00  0.00000000e+00  0.00000000e+00 -1.54440127e+06  0.00000000e+00  0.00000000e+00  0.00000000e+00  2.54550996e+04 -1.54440127e+06  1.19834167e+07  0.00000000e+00]
 [-6.15514406e+04  2.54550996e+04  0.00000000e+00  0.00000000e+00  0.00000000e+00  5.80273161e+07  3.60963411e+04  0.00000000e+00  0.00000000e+00  0.00000000e+00  0.00000000e+00  1.20321137e+07  1.23458588e-12 -3.59989470e+04  0.00000000e+00  0.00000000e+00  0.00000000e+00  1.69471104e+07]
 [-7.21926821e+01  0.00000000e+00  0.00000000e+00  0.00000000e+00  0.00000000e+00  3.60963411e+04  1.26072193e+05  0.00000000e+00  0.00000000e+00  0.00000000e+00  0.00000000e+00  3.60963411e+04 -8.90954544e+04  8.90954544e+04  0.00000000e+00  0.00000000e+00  0.00000000e+00  0.00000000e+00]
 [ 0.00000000e+00 -1.26000000e+05  0.00000000e+00  0.00000000e+00  0.00000000e+00  0.00000000e+00  0.00000000e+00  1.26072193e+05  0.00000000e+00  0.00000000e+00  0.00000000e+00  3.60963411e+04 -5.10479351e+01 -5.10479351e+01  0.00000000e+00  0.00000000e+00  0.00000000e+00  3.60963411e+04]
 [ 0.00000000e+00  0.00000000e+00 -7.21926821e+01 -3.60963411e+04  0.00000000e+00  0.00000000e+00  0.00000000e+00  0.00000000e+00  1.44385364e+02 -3.60963411e+04 -3.60963411e+04  0.00000000e+00  0.00000000e+00  0.00000000e+00 -7.21926821e+01 -2.55239675e+04 -2.55239675e+04  0.00000000e+00]
 [ 0.00000000e+00  0.00000000e+00  3.60963411e+04  1.20321137e+07  0.00000000e+00  0.00000000e+00  0.00000000e+00  0.00000000e+00 -3.60963411e+04  2.56086286e+07  0.00000000e+00  0.00000000e+00  0.00000000e+00  0.00000000e+00  0.00000000e+00 -1.09205661e+06  1.09205661e+06  0.00000000e+00]
 [ 0.00000000e+00  0.00000000e+00  0.00000000e+00  0.00000000e+00 -1.54440127e+06  0.00000000e+00  0.00000000e+00  0.00000000e+00 -3.60963411e+04  0.00000000e+00  2.56086286e+07  0.00000000e+00  0.00000000e+00  0.00000000e+00  3.60963411e+04  8.50798918e+06  8.50798918e+06  0.00000000e+00]
 [-3.60963411e+04  0.00000000e+00  0.00000000e+00  0.00000000e+00  0.00000000e+00  1.20321137e+07  3.60963411e+04  3.60963411e+04  0.00000000e+00  0.00000000e+00  0.00000000e+00  4.81284547e+07 -2.55239675e+04 -2.55239675e+04  0.00000000e+00  0.00000000e+00  0.00000000e+00  1.20321137e+07]
 [-8.90954544e+04 -8.90954544e+04  0.00000000e+00  0.00000000e+00  0.00000000e+00  1.23458588e-12 -8.90954544e+04 -5.10479351e+01  0.00000000e+00  0.00000000e+00  0.00000000e+00 -2.55239675e+04  1.89036096e+05 -6.29639036e+04  0.00000000e+00  0.00000000e+00  0.00000000e+00 -2.55239675e+04]
 [ 3.59989470e+01 -3.59989470e+01  0.00000000e+00  0.00000000e+00  0.00000000e+00 -3.59989470e+04  8.90954544e+04 -5.10479351e+01  0.00000000e+00  0.00000000e+00  0.00000000e+00 -2.55239675e+04 -6.29639036e+04  6.30870065e+04  0.00000000e+00  0.00000000e+00  0.00000000e+00 -6.15229146e+04]
 [ 0.00000000e+00  0.00000000e+00 -5.09101991e+01 -2.54550996e+04  2.54550996e+04  0.00000000e+00  0.00000000e+00  0.00000000e+00 -7.21926821e+01  0.00000000e+00  3.60963411e+04  0.00000000e+00  0.00000000e+00  0.00000000e+00  1.23102881e+02  2.55239675e+04  6.15229146e+04  0.00000000e+00]
 [ 0.00000000e+00  0.00000000e+00  1.23458588e-12 -1.54440127e+06 -1.54440127e+06  0.00000000e+00  0.00000000e+00  0.00000000e+00 -2.55239675e+04 -1.09205661e+06  8.50798918e+06  0.00000000e+00  0.00000000e+00  0.00000000e+00  2.55239675e+04  1.49884275e+07  1.12599130e+07  0.00000000e+00]
 [ 0.00000000e+00  0.00000000e+00 -3.59989470e+04 -1.19834167e+07  1.19834167e+07  0.00000000e+00  0.00000000e+00  0.00000000e+00 -2.55239675e+04  1.09205661e+06  8.50798918e+06  0.00000000e+00  0.00000000e+00  0.00000000e+00  6.15229146e+04  1.12599130e+07  4.67674031e+07  0.00000000e+00]
 [-2.54550996e+04  2.54550996e+04  0.00000000e+00  0.00000000e+00  0.00000000e+00  1.69471104e+07  0.00000000e+00  3.60963411e+04  0.00000000e+00  0.00000000e+00  0.00000000e+00  1.20321137e+07 -2.55239675e+04 -6.15229146e+04  0.00000000e+00  0.00000000e+00  0.00000000e+00  5.80273161e+07]]
INFO:root:Started Reverse Cantilever容nd load
INFO:root:Started Cantilever容nd load
DEBUG:root:Shape z disp 0.0: 0.0
DEBUG:root:Shape z disp 0.1: -0.008444090425663573
DEBUG:root:Shape z disp 0.2: -0.03260105697955618
DEBUG:root:Shape z disp 0.3: -0.07072189959754248
DEBUG:root:Shape z disp 0.4: -0.12105761821548705
DEBUG:root:Shape z disp 0.5: -0.18185921276925454
DEBUG:root:Shape z disp 0.6: -0.25137768319470977
DEBUG:root:Shape z disp 0.7: -0.3278640294277171
DEBUG:root:Shape z disp 0.8: -0.4095692514041412
DEBUG:root:Shape z disp 0.9: -0.4947443490598469
DEBUG:root:Shape z disp 1.0: -0.5816403223306985
DEBUG:root:Shape y angle 0.0: -1.8609360682400265e-07
DEBUG:root:Shape y angle 0.1: -0.00033193361681275833
DEBUG:root:Shape y angle 0.2: -0.0006287011387359854
DEBUG:root:Shape y angle 0.3: -0.0008904886593765053
DEBUG:root:Shape y angle 0.4: -0.0011172961787343178
DEBUG:root:Shape y angle 0.5: -0.0013091236968094228
DEBUG:root:Shape y angle 0.6: -0.0014659712136018209
DEBUG:root:Shape y angle 0.7: -0.0015878387291115115
DEBUG:root:Shape y angle 0.8: -0.0016747262433384948
DEBUG:root:Shape y angle 0.9: -0.001726633756282771
DEBUG:root:Shape y angle 1.0: -0.0017435612679443395
INFO:root:Started Multidimensional Simple Support Center Load Test
INFO:root:Started Incline Boundary Conditions
DEBUG:root:
PRE-TRANSFORM 3:
[[ 6.30976478e+04  6.29745449e+04  0.00000000e+00  0.00000000e+00  0.00000000e+00 -6.15514406e+04 -7.21926821e+01  0.00000000e+00  0.00000000e+00  0.00000000e+00  0.00000000e+00 -3.60963411e+04 -8.90954544e+04  3.59989470e+01  0.00000000e+00  0.00000000e+00  0.00000000e+00 -2.54550996e+04]
 [ 6.29745449e+04  1.89025455e+05  0.00000000e+00  0.00000000e+00  0.00000000e+00  2.54550996e+04  0.00000000e+00 -1.26000000e+05  0.00000000e+00  0.00000000e+00  0.00000000e+00  0.00000000e+00 -8.90954544e+04 -3.59989470e+01  0.00000000e+00  0.00000000e+00  0.00000000e+00  2.54550996e+04]
 [ 0.00000000e+00  0.00000000e+00  1.23102881e+02  6.15514406e+04 -2.54550996e+04  0.00000000e+00  0.00000000e+00  0.00000000e+00 -7.21926821e+01  3.60963411e+04  0.00000000e+00  0.00000000e+00  0.00000000e+00  0.00000000e+00 -5.09101991e+01  1.23458588e-12 -3.59989470e+04  0.00000000e+00]
 [ 0.00000000e+00  0.00000000e+00  6.15514406e+04  4.21378284e+07 -1.58894878e+07  0.00000000e+00  0.00000000e+00  0.00000000e+00 -3.60963411e+04  1.20321137e+07  0.00000000e+00  0.00000000e+00  0.00000000e+00  0.00000000e+00 -2.54550996e+04 -1.54440127e+06 -1.19834167e+07  0.00000000e+00]
 [ 0.00000000e+00  0.00000000e+00 -2.54550996e+04 -1.58894878e+07  1.96180023e+07  0.00000000e+00  0.00000000e+00  0.00000000e+00  0.00000000e+00  0.00000000e+00 -1.54440127e+06  0.00000000e+00  0.00000000e+00  0.00000000e+00  2.54550996e+04 -1.54440127e+06  1.19834167e+07  0.00000000e+00]
 [-6.15514406e+04  2.54550996e+04  0.00000000e+00  0.00000000e+00  0.00000000e+00  5.80273161e+07  3.60963411e+04  0.00000000e+00  0.00000000e+00  0.00000000e+00  0.00000000e+00  1.20321137e+07  1.23458588e-12 -3.59989470e+04  0.00000000e+00  0.00000000e+00  0.00000000e+00  1.69471104e+07]
 [-7.21926821e+01  0.00000000e+00  0.00000000e+00  0.00000000e+00  0.00000000e+00  3.60963411e+04  1.26072193e+05  0.00000000e+00  0.00000000e+00  0.00000000e+00  0.00000000e+00  3.60963411e+04 -8.90954544e+04  8.90954544e+04  0.00000000e+00  0.00000000e+00  0.00000000e+00  0.00000000e+00]
 [ 0.00000000e+00 -1.26000000e+05  0.00000000e+00  0.00000000e+00  0.00000000e+00  0.00000000e+00  0.00000000e+00  1.26072193e+05  0.00000000e+00  0.00000000e+00  0.00000000e+00  3.60963411e+04 -5.10479351e+01 -5.10479351e+01  0.00000000e+00  0.00000000e+00  0.00000000e+00  3.60963411e+04]
 [ 0.00000000e+00  0.00000000e+00 -7.21926821e+01 -3.60963411e+04  0.00000000e+00  0.00000000e+00  0.00000000e+00  0.00000000e+00  1.44385364e+02 -3.60963411e+04 -3.60963411e+04  0.00000000e+00  0.00000000e+00  0.00000000e+00 -7.21926821e+01 -2.55239675e+04 -2.55239675e+04  0.00000000e+00]
 [ 0.00000000e+00  0.00000000e+00  3.60963411e+04  1.20321137e+07  0.00000000e+00  0.00000000e+00  0.00000000e+00  0.00000000e+00 -3.60963411e+04  2.56086286e+07  0.00000000e+00  0.00000000e+00  0.00000000e+00  0.00000000e+00  0.00000000e+00 -1.09205661e+06  1.09205661e+06  0.00000000e+00]
 [ 0.00000000e+00  0.00000000e+00  0.00000000e+00  0.00000000e+00 -1.54440127e+06  0.00000000e+00  0.00000000e+00  0.00000000e+00 -3.60963411e+04  0.00000000e+00  2.56086286e+07  0.00000000e+00  0.00000000e+00  0.00000000e+00  3.60963411e+04  8.50798918e+06  8.50798918e+06  0.00000000e+00]
 [-3.60963411e+04  0.00000000e+00  0.00000000e+00  0.00000000e+00  0.00000000e+00  1.20321137e+07  3.60963411e+04  3.60963411e+04  0.00000000e+00  0.00000000e+00  0.00000000e+00  4.81284547e+07 -2.55239675e+04 -2.55239675e+04  0.00000000e+00  0.00000000e+00  0.00000000e+00  1.20321137e+07]
 [-8.90954544e+04 -8.90954544e+04  0.00000000e+00  0.00000000e+00  0.00000000e+00  1.23458588e-12 -8.90954544e+04 -5.10479351e+01  0.00000000e+00  0.00000000e+00  0.00000000e+00 -2.55239675e+04  1.89036096e+05 -6.29639036e+04  0.00000000e+00  0.00000000e+00  0.00000000e+00 -2.55239675e+04]
 [ 3.59989470e+01 -3.59989470e+01  0.00000000e+00  0.00000000e+00  0.00000000e+00 -3.59989470e+04  8.90954544e+04 -5.10479351e+01  0.00000000e+00  0.00000000e+00  0.00000000e+00 -2.55239675e+04 -6.29639036e+04  6.30870065e+04  0.00000000e+00  0.00000000e+00  0.00000000e+00 -6.15229146e+04]
 [ 0.00000000e+00  0.00000000e+00 -5.09101991e+01 -2.54550996e+04  2.54550996e+04  0.00000000e+00  0.00000000e+00  0.00000000e+00 -7.21926821e+01  0.00000000e+00  3.60963411e+04  0.00000000e+00  0.00000000e+00  0.00000000e+00  1.23102881e+02  2.55239675e+04  6.15229146e+04  0.00000000e+00]
 [ 0.00000000e+00  0.00000000e+00  1.23458588e-12 -1.54440127e+06 -1.54440127e+06  0.00000000e+00  0.00000000e+00  0.00000000e+00 -2.55239675e+04 -1.09205661e+06  8.50798918e+06  0.00000000e+00  0.00000000e+00  0.00000000e+00  2.55239675e+04  1.49884275e+07  1.12599130e+07  0.00000000e+00]
 [ 0.00000000e+00  0.00000000e+00 -3.59989470e+04 -1.19834167e+07  1.19834167e+07  0.00000000e+00  0.00000000e+00  0.00000000e+00 -2.55239675e+04  1.09205661e+06  8.50798918e+06  0.00000000e+00  0.00000000e+00  0.00000000e+00  6.15229146e+04  1.12599130e+07  4.67674031e+07  0.00000000e+00]
 [-2.54550996e+04  2.54550996e+04  0.00000000e+00  0.00000000e+00  0.00000000e+00  1.69471104e+07  0.00000000e+00  3.60963411e+04  0.00000000e+00  0.00000000e+00  0.00000000e+00  1.20321137e+07 -2.55239675e+04 -6.15229146e+04  0.00000000e+00  0.00000000e+00  0.00000000e+00  5.80273161e+07]]
INFO:root:Started Reverse Cantilever容nd load
INFO:root:Started annulus Cantilever容nd load
INFO:root:Started Cantilever容nd load
DEBUG:root:Shape z disp 0.0: 0.0
DEBUG:root:Shape z disp 0.1: -0.008444090425663573
DEBUG:root:Shape z disp 0.2: -0.03260105697955618
DEBUG:root:Shape z disp 0.3: -0.07072189959754248
DEBUG:root:Shape z disp 0.4: -0.12105761821548705
DEBUG:root:Shape z disp 0.5: -0.18185921276925454
DEBUG:root:Shape z disp 0.6: -0.25137768319470977
DEBUG:root:Shape z disp 0.7: -0.3278640294277171
DEBUG:root:Shape z disp 0.8: -0.4095692514041412
DEBUG:root:Shape z disp 0.9: -0.4947443490598469
DEBUG:root:Shape z disp 1.0: -0.5816403223306985
DEBUG:root:Shape y angle 0.0: -1.8609360682400265e-07
DEBUG:root:Shape y angle 0.1: -0.00033193361681275833
DEBUG:root:Shape y angle 0.2: -0.0006287011387359854
DEBUG:root:Shape y angle 0.3: -0.0008904886593765053
DEBUG:root:Shape y angle 0.4: -0.0011172961787343178
DEBUG:root:Shape y angle 0.5: -0.0013091236968094228
DEBUG:root:Shape y angle 0.6: -0.0014659712136018209
DEBUG:root:Shape y angle 0.7: -0.0015878387291115115
DEBUG:root:Shape y angle 0.8: -0.0016747262433384948
DEBUG:root:Shape y angle 0.9: -0.001726633756282771
DEBUG:root:Shape y angle 1.0: -0.0017435612679443395
INFO:root:Started Multidimensional Simple Support Center Load Test
DEBUG:root:FEA x: 1.6667059158872178e-13
DEBUG:root:FEA y: 1.0670209673888418
DEBUG:root:FEA z: -1.0670209673890085
DEBUG:root:FEA x theta: -0.0004267712796939504
DEBUG:root:FEA y theta: -0.0004267712796939504
DEBUG:root:FEA z theta: -0.0004267712796939505
DEBUG:root:FEA x reaction: 4.547473508864641e-13
DEBUG:root:FEA y reaction: -0.49999999999954525
DEBUG:root:FEA z reaction: 0.5
DEBUG:root:Calculated total displacement: 0.09430402058969596 | Total displacement FEA: 1.5089955234178778
DEBUG:root:Calculated total reaction: 0.7071067811865476 | Total reaction FEA: 0.7071067811862259
INFO:root:Started Incline Boundary Conditions
DEBUG:root:
PRE-TRANSFORM 3:
[[ 6.30976478e+04  6.29745449e+04  0.00000000e+00  0.00000000e+00  0.00000000e+00 -6.15514406e+04 -7.21926821e+01  0.00000000e+00  0.00000000e+00  0.00000000e+00  0.00000000e+00 -3.60963411e+04 -8.90954544e+04  3.59989470e+01  0.00000000e+00  0.00000000e+00  0.00000000e+00 -2.54550996e+04]
 [ 6.29745449e+04  1.89025455e+05  0.00000000e+00  0.00000000e+00  0.00000000e+00  2.54550996e+04  0.00000000e+00 -1.26000000e+05  0.00000000e+00  0.00000000e+00  0.00000000e+00  0.00000000e+00 -8.90954544e+04 -3.59989470e+01  0.00000000e+00  0.00000000e+00  0.00000000e+00  2.54550996e+04]
 [ 0.00000000e+00  0.00000000e+00  1.23102881e+02  6.15514406e+04 -2.54550996e+04  0.00000000e+00  0.00000000e+00  0.00000000e+00 -7.21926821e+01  3.60963411e+04  0.00000000e+00  0.00000000e+00  0.00000000e+00  0.00000000e+00 -5.09101991e+01  1.23458588e-12 -3.59989470e+04  0.00000000e+00]
 [ 0.00000000e+00  0.00000000e+00  6.15514406e+04  4.21378284e+07 -1.58894878e+07  0.00000000e+00  0.00000000e+00  0.00000000e+00 -3.60963411e+04  1.20321137e+07  0.00000000e+00  0.00000000e+00  0.00000000e+00  0.00000000e+00 -2.54550996e+04 -1.54440127e+06 -1.19834167e+07  0.00000000e+00]
 [ 0.00000000e+00  0.00000000e+00 -2.54550996e+04 -1.58894878e+07  1.96180023e+07  0.00000000e+00  0.00000000e+00  0.00000000e+00  0.00000000e+00  0.00000000e+00 -1.54440127e+06  0.00000000e+00  0.00000000e+00  0.00000000e+00  2.54550996e+04 -1.54440127e+06  1.19834167e+07  0.00000000e+00]
 [-6.15514406e+04  2.54550996e+04  0.00000000e+00  0.00000000e+00  0.00000000e+00  5.80273161e+07  3.60963411e+04  0.00000000e+00  0.00000000e+00  0.00000000e+00  0.00000000e+00  1.20321137e+07  1.23458588e-12 -3.59989470e+04  0.00000000e+00  0.00000000e+00  0.00000000e+00  1.69471104e+07]
 [-7.21926821e+01  0.00000000e+00  0.00000000e+00  0.00000000e+00  0.00000000e+00  3.60963411e+04  1.26072193e+05  0.00000000e+00  0.00000000e+00  0.00000000e+00  0.00000000e+00  3.60963411e+04 -8.90954544e+04  8.90954544e+04  0.00000000e+00  0.00000000e+00  0.00000000e+00  0.00000000e+00]
 [ 0.00000000e+00 -1.26000000e+05  0.00000000e+00  0.00000000e+00  0.00000000e+00  0.00000000e+00  0.00000000e+00  1.26072193e+05  0.00000000e+00  0.00000000e+00  0.00000000e+00  3.60963411e+04 -5.10479351e+01 -5.10479351e+01  0.00000000e+00  0.00000000e+00  0.00000000e+00  3.60963411e+04]
 [ 0.00000000e+00  0.00000000e+00 -7.21926821e+01 -3.60963411e+04  0.00000000e+00  0.00000000e+00  0.00000000e+00  0.00000000e+00  1.44385364e+02 -3.60963411e+04 -3.60963411e+04  0.00000000e+00  0.00000000e+00  0.00000000e+00 -7.21926821e+01 -2.55239675e+04 -2.55239675e+04  0.00000000e+00]
 [ 0.00000000e+00  0.00000000e+00  3.60963411e+04  1.20321137e+07  0.00000000e+00  0.00000000e+00  0.00000000e+00  0.00000000e+00 -3.60963411e+04  2.56086286e+07  0.00000000e+00  0.00000000e+00  0.00000000e+00  0.00000000e+00  0.00000000e+00 -1.09205661e+06  1.09205661e+06  0.00000000e+00]
 [ 0.00000000e+00  0.00000000e+00  0.00000000e+00  0.00000000e+00 -1.54440127e+06  0.00000000e+00  0.00000000e+00  0.00000000e+00 -3.60963411e+04  0.00000000e+00  2.56086286e+07  0.00000000e+00  0.00000000e+00  0.00000000e+00  3.60963411e+04  8.50798918e+06  8.50798918e+06  0.00000000e+00]
 [-3.60963411e+04  0.00000000e+00  0.00000000e+00  0.00000000e+00  0.00000000e+00  1.20321137e+07  3.60963411e+04  3.60963411e+04  0.00000000e+00  0.00000000e+00  0.00000000e+00  4.81284547e+07 -2.55239675e+04 -2.55239675e+04  0.00000000e+00  0.00000000e+00  0.00000000e+00  1.20321137e+07]
 [-8.90954544e+04 -8.90954544e+04  0.00000000e+00  0.00000000e+00  0.00000000e+00  1.23458588e-12 -8.90954544e+04 -5.10479351e+01  0.00000000e+00  0.00000000e+00  0.00000000e+00 -2.55239675e+04  1.89036096e+05 -6.29639036e+04  0.00000000e+00  0.00000000e+00  0.00000000e+00 -2.55239675e+04]
 [ 3.59989470e+01 -3.59989470e+01  0.00000000e+00  0.00000000e+00  0.00000000e+00 -3.59989470e+04  8.90954544e+04 -5.10479351e+01  0.00000000e+00  0.00000000e+00  0.00000000e+00 -2.55239675e+04 -6.29639036e+04  6.30870065e+04  0.00000000e+00  0.00000000e+00  0.00000000e+00 -6.15229146e+04]
 [ 0.00000000e+00  0.00000000e+00 -5.09101991e+01 -2.54550996e+04  2.54550996e+04  0.00000000e+00  0.00000000e+00  0.00000000e+00 -7.21926821e+01  0.00000000e+00  3.60963411e+04  0.00000000e+00  0.00000000e+00  0.00000000e+00  1.23102881e+02  2.55239675e+04  6.15229146e+04  0.00000000e+00]
 [ 0.00000000e+00  0.00000000e+00  1.23458588e-12 -1.54440127e+06 -1.54440127e+06  0.00000000e+00  0.00000000e+00  0.00000000e+00 -2.55239675e+04 -1.09205661e+06  8.50798918e+06  0.00000000e+00  0.00000000e+00  0.00000000e+00  2.55239675e+04  1.49884275e+07  1.12599130e+07  0.00000000e+00]
 [ 0.00000000e+00  0.00000000e+00 -3.59989470e+04 -1.19834167e+07  1.19834167e+07  0.00000000e+00  0.00000000e+00  0.00000000e+00 -2.55239675e+04  1.09205661e+06  8.50798918e+06  0.00000000e+00  0.00000000e+00  0.00000000e+00  6.15229146e+04  1.12599130e+07  4.67674031e+07  0.00000000e+00]
 [-2.54550996e+04  2.54550996e+04  0.00000000e+00  0.00000000e+00  0.00000000e+00  1.69471104e+07  0.00000000e+00  3.60963411e+04  0.00000000e+00  0.00000000e+00  0.00000000e+00  1.20321137e+07 -2.55239675e+04 -6.15229146e+04  0.00000000e+00  0.00000000e+00  0.00000000e+00  5.80273161e+07]]
INFO:root:Started Reverse Cantilever容nd load
INFO:root:Started annulus Cantilever容nd load
INFO:root:Started annulus Cantilever容nd load
DEBUG:root:Shape z disp 0.0: 0.0
DEBUG:root:Shape z disp 0.1: -0.006231328325988747
DEBUG:root:Shape z disp 0.2: -0.024065819209964312
DEBUG:root:Shape z disp 0.3: -0.052214232367705955
DEBUG:root:Shape z disp 0.4: -0.08938732751499287
DEBUG:root:Shape z disp 0.5: -0.13429586436760432
DEBUG:root:Shape z disp 0.6: -0.18565060264131966
DEBUG:root:Shape z disp 0.7: -0.242162302051918
DEBUG:root:Shape z disp 0.8: -0.3025417223151785
DEBUG:root:Shape z disp 0.9: -0.3654996231468806
DEBUG:root:Shape z disp 1.0: -0.42974676426280334
DEBUG:root:Shape y angle 0.0: -1.1423536706978376e-11
DEBUG:root:Shape y angle 0.1: -0.00024495566542548066
DEBUG:root:Shape y angle 0.2: -0.0004641265137430095
DEBUG:root:Shape y angle 0.3: -0.0006575125563761232
DEBUG:root:Shape y angle 0.4: -0.0008251137933248217
DEBUG:root:Shape y angle 0.5: -0.0009669302245891051
DEBUG:root:Shape y angle 0.6: -0.0010829618501689733
DEBUG:root:Shape y angle 0.7: -0.0011732086700644265
DEBUG:root:Shape y angle 0.8: -0.0012376706842754642
DEBUG:root:Shape y angle 0.9: -0.001276347892802087
DEBUG:root:Shape y angle 1.0: -0.0012892402956442945
INFO:root:Started Cantilever容nd load
DEBUG:root:Shape z disp 0.0: 0.0
DEBUG:root:Shape z disp 0.1: -0.008444090425663573
DEBUG:root:Shape z disp 0.2: -0.03260105697955618
DEBUG:root:Shape z disp 0.3: -0.07072189959754248
DEBUG:root:Shape z disp 0.4: -0.12105761821548705
DEBUG:root:Shape z disp 0.5: -0.18185921276925454
DEBUG:root:Shape z disp 0.6: -0.25137768319470977
DEBUG:root:Shape z disp 0.7: -0.3278640294277171
DEBUG:root:Shape z disp 0.8: -0.4095692514041412
DEBUG:root:Shape z disp 0.9: -0.4947443490598469
DEBUG:root:Shape z disp 1.0: -0.5816403223306985
DEBUG:root:Shape y angle 0.0: -1.8609360682400265e-07
DEBUG:root:Shape y angle 0.1: -0.00033193361681275833
DEBUG:root:Shape y angle 0.2: -0.0006287011387359854
DEBUG:root:Shape y angle 0.3: -0.0008904886593765053
DEBUG:root:Shape y angle 0.4: -0.0011172961787343178
DEBUG:root:Shape y angle 0.5: -0.0013091236968094228
DEBUG:root:Shape y angle 0.6: -0.0014659712136018209
DEBUG:root:Shape y angle 0.7: -0.0015878387291115115
DEBUG:root:Shape y angle 0.8: -0.0016747262433384948
DEBUG:root:Shape y angle 0.9: -0.001726633756282771
DEBUG:root:Shape y angle 1.0: -0.0017435612679443395
INFO:root:Started Multidimensional Simple Support Center Load Test
DEBUG:root:FEA x: 1.6667059158872178e-13
DEBUG:root:FEA y: 1.0670209673888418
DEBUG:root:FEA z: -1.0670209673890085
DEBUG:root:FEA x theta: -0.0004267712796939504
DEBUG:root:FEA y theta: -0.0004267712796939504
DEBUG:root:FEA z theta: -0.0004267712796939505
DEBUG:root:FEA x reaction: 4.547473508864641e-13
DEBUG:root:FEA y reaction: -0.49999999999954525
DEBUG:root:FEA z reaction: 0.5
DEBUG:root:Calculated total displacement: 0.09430402058969596 | Total displacement FEA: 1.5089955234178778
DEBUG:root:Calculated total reaction: 0.7071067811865476 | Total reaction FEA: 0.7071067811862259
INFO:root:Started Incline Boundary Conditions
DEBUG:root:
PRE-TRANSFORM 3:
[[ 6.30976478e+04  6.29745449e+04  0.00000000e+00  0.00000000e+00  0.00000000e+00 -6.15514406e+04 -7.21926821e+01  0.00000000e+00  0.00000000e+00  0.00000000e+00  0.00000000e+00 -3.60963411e+04 -8.90954544e+04  3.59989470e+01  0.00000000e+00  0.00000000e+00  0.00000000e+00 -2.54550996e+04]
 [ 6.29745449e+04  1.89025455e+05  0.00000000e+00  0.00000000e+00  0.00000000e+00  2.54550996e+04  0.00000000e+00 -1.26000000e+05  0.00000000e+00  0.00000000e+00  0.00000000e+00  0.00000000e+00 -8.90954544e+04 -3.59989470e+01  0.00000000e+00  0.00000000e+00  0.00000000e+00  2.54550996e+04]
 [ 0.00000000e+00  0.00000000e+00  1.23102881e+02  6.15514406e+04 -2.54550996e+04  0.00000000e+00  0.00000000e+00  0.00000000e+00 -7.21926821e+01  3.60963411e+04  0.00000000e+00  0.00000000e+00  0.00000000e+00  0.00000000e+00 -5.09101991e+01  1.23458588e-12 -3.59989470e+04  0.00000000e+00]
 [ 0.00000000e+00  0.00000000e+00  6.15514406e+04  4.21378284e+07 -1.58894878e+07  0.00000000e+00  0.00000000e+00  0.00000000e+00 -3.60963411e+04  1.20321137e+07  0.00000000e+00  0.00000000e+00  0.00000000e+00  0.00000000e+00 -2.54550996e+04 -1.54440127e+06 -1.19834167e+07  0.00000000e+00]
 [ 0.00000000e+00  0.00000000e+00 -2.54550996e+04 -1.58894878e+07  1.96180023e+07  0.00000000e+00  0.00000000e+00  0.00000000e+00  0.00000000e+00  0.00000000e+00 -1.54440127e+06  0.00000000e+00  0.00000000e+00  0.00000000e+00  2.54550996e+04 -1.54440127e+06  1.19834167e+07  0.00000000e+00]
 [-6.15514406e+04  2.54550996e+04  0.00000000e+00  0.00000000e+00  0.00000000e+00  5.80273161e+07  3.60963411e+04  0.00000000e+00  0.00000000e+00  0.00000000e+00  0.00000000e+00  1.20321137e+07  1.23458588e-12 -3.59989470e+04  0.00000000e+00  0.00000000e+00  0.00000000e+00  1.69471104e+07]
 [-7.21926821e+01  0.00000000e+00  0.00000000e+00  0.00000000e+00  0.00000000e+00  3.60963411e+04  1.26072193e+05  0.00000000e+00  0.00000000e+00  0.00000000e+00  0.00000000e+00  3.60963411e+04 -8.90954544e+04  8.90954544e+04  0.00000000e+00  0.00000000e+00  0.00000000e+00  0.00000000e+00]
 [ 0.00000000e+00 -1.26000000e+05  0.00000000e+00  0.00000000e+00  0.00000000e+00  0.00000000e+00  0.00000000e+00  1.26072193e+05  0.00000000e+00  0.00000000e+00  0.00000000e+00  3.60963411e+04 -5.10479351e+01 -5.10479351e+01  0.00000000e+00  0.00000000e+00  0.00000000e+00  3.60963411e+04]
 [ 0.00000000e+00  0.00000000e+00 -7.21926821e+01 -3.60963411e+04  0.00000000e+00  0.00000000e+00  0.00000000e+00  0.00000000e+00  1.44385364e+02 -3.60963411e+04 -3.60963411e+04  0.00000000e+00  0.00000000e+00  0.00000000e+00 -7.21926821e+01 -2.55239675e+04 -2.55239675e+04  0.00000000e+00]
 [ 0.00000000e+00  0.00000000e+00  3.60963411e+04  1.20321137e+07  0.00000000e+00  0.00000000e+00  0.00000000e+00  0.00000000e+00 -3.60963411e+04  2.56086286e+07  0.00000000e+00  0.00000000e+00  0.00000000e+00  0.00000000e+00  0.00000000e+00 -1.09205661e+06  1.09205661e+06  0.00000000e+00]
 [ 0.00000000e+00  0.00000000e+00  0.00000000e+00  0.00000000e+00 -1.54440127e+06  0.00000000e+00  0.00000000e+00  0.00000000e+00 -3.60963411e+04  0.00000000e+00  2.56086286e+07  0.00000000e+00  0.00000000e+00  0.00000000e+00  3.60963411e+04  8.50798918e+06  8.50798918e+06  0.00000000e+00]
 [-3.60963411e+04  0.00000000e+00  0.00000000e+00  0.00000000e+00  0.00000000e+00  1.20321137e+07  3.60963411e+04  3.60963411e+04  0.00000000e+00  0.00000000e+00  0.00000000e+00  4.81284547e+07 -2.55239675e+04 -2.55239675e+04  0.00000000e+00  0.00000000e+00  0.00000000e+00  1.20321137e+07]
 [-8.90954544e+04 -8.90954544e+04  0.00000000e+00  0.00000000e+00  0.00000000e+00  1.23458588e-12 -8.90954544e+04 -5.10479351e+01  0.00000000e+00  0.00000000e+00  0.00000000e+00 -2.55239675e+04  1.89036096e+05 -6.29639036e+04  0.00000000e+00  0.00000000e+00  0.00000000e+00 -2.55239675e+04]
 [ 3.59989470e+01 -3.59989470e+01  0.00000000e+00  0.00000000e+00  0.00000000e+00 -3.59989470e+04  8.90954544e+04 -5.10479351e+01  0.00000000e+00  0.00000000e+00  0.00000000e+00 -2.55239675e+04 -6.29639036e+04  6.30870065e+04  0.00000000e+00  0.00000000e+00  0.00000000e+00 -6.15229146e+04]
 [ 0.00000000e+00  0.00000000e+00 -5.09101991e+01 -2.54550996e+04  2.54550996e+04  0.00000000e+00  0.00000000e+00  0.00000000e+00 -7.21926821e+01  0.00000000e+00  3.60963411e+04  0.00000000e+00  0.00000000e+00  0.00000000e+00  1.23102881e+02  2.55239675e+04  6.15229146e+04  0.00000000e+00]
 [ 0.00000000e+00  0.00000000e+00  1.23458588e-12 -1.54440127e+06 -1.54440127e+06  0.00000000e+00  0.00000000e+00  0.00000000e+00 -2.55239675e+04 -1.09205661e+06  8.50798918e+06  0.00000000e+00  0.00000000e+00  0.00000000e+00  2.55239675e+04  1.49884275e+07  1.12599130e+07  0.00000000e+00]
 [ 0.00000000e+00  0.00000000e+00 -3.59989470e+04 -1.19834167e+07  1.19834167e+07  0.00000000e+00  0.00000000e+00  0.00000000e+00 -2.55239675e+04  1.09205661e+06  8.50798918e+06  0.00000000e+00  0.00000000e+00  0.00000000e+00  6.15229146e+04  1.12599130e+07  4.67674031e+07  0.00000000e+00]
 [-2.54550996e+04  2.54550996e+04  0.00000000e+00  0.00000000e+00  0.00000000e+00  1.69471104e+07  0.00000000e+00  3.60963411e+04  0.00000000e+00  0.00000000e+00  0.00000000e+00  1.20321137e+07 -2.55239675e+04 -6.15229146e+04  0.00000000e+00  0.00000000e+00  0.00000000e+00  5.80273161e+07]]
INFO:root:Started Reverse Cantilever容nd load
DEBUG:root:Shape z disp 0.0: 0.0
DEBUG:root:Shape z disp 0.1: -0.008463993393558786
DEBUG:root:Shape z disp 0.2: -0.032657372006303045
DEBUG:root:Shape z disp 0.3: -0.07082329504561322
DEBUG:root:Shape z disp 0.4: -0.12120492171886965
DEBUG:root:Shape z disp 0.5: -0.1820454112334528
DEBUG:root:Shape z disp 0.6: -0.25158792279674314
DEBUG:root:Shape z disp 0.7: -0.3280756156161209
DEBUG:root:Shape z disp 0.8: -0.4097516488989666
DEBUG:root:Shape z disp 0.9: -0.4948591818526607
DEBUG:root:Shape z disp 1.0: -0.5816413736845836
DEBUG:root:Shape y angle 0.0: -5.474874570473102e-07
DEBUG:root:Shape y angle 0.1: -0.0003327035997669528
DEBUG:root:Shape y angle 0.2: -0.0006297228962244665
DEBUG:root:Shape y angle 0.3: -0.0008916053768295883
DEBUG:root:Shape y angle 0.4: -0.0011183510415823184
DEBUG:root:Shape y angle 0.5: -0.0013099598904826562
DEBUG:root:Shape y angle 0.6: -0.001466431923530603
DEBUG:root:Shape y angle 0.7: -0.0015877671407261574
DEBUG:root:Shape y angle 0.8: -0.0016739655420693203
DEBUG:root:Shape y angle 0.9: -0.0017250271275600915
DEBUG:root:Shape y angle 1.0: -0.0017409518971984704
INFO:root:Started annulus Cantilever容nd load
DEBUG:root:Shape z disp 0.0: 0.0
DEBUG:root:Shape z disp 0.1: -0.006231328325988747
DEBUG:root:Shape z disp 0.2: -0.024065819209964312
DEBUG:root:Shape z disp 0.3: -0.052214232367705955
DEBUG:root:Shape z disp 0.4: -0.08938732751499287
DEBUG:root:Shape z disp 0.5: -0.13429586436760432
DEBUG:root:Shape z disp 0.6: -0.18565060264131966
DEBUG:root:Shape z disp 0.7: -0.242162302051918
DEBUG:root:Shape z disp 0.8: -0.3025417223151785
DEBUG:root:Shape z disp 0.9: -0.3654996231468806
DEBUG:root:Shape z disp 1.0: -0.42974676426280334
DEBUG:root:Shape y angle 0.0: -1.1423536706978376e-11
DEBUG:root:Shape y angle 0.1: -0.00024495566542548066
DEBUG:root:Shape y angle 0.2: -0.0004641265137430095
DEBUG:root:Shape y angle 0.3: -0.0006575125563761232
DEBUG:root:Shape y angle 0.4: -0.0008251137933248217
DEBUG:root:Shape y angle 0.5: -0.0009669302245891051
DEBUG:root:Shape y angle 0.6: -0.0010829618501689733
DEBUG:root:Shape y angle 0.7: -0.0011732086700644265
DEBUG:root:Shape y angle 0.8: -0.0012376706842754642
DEBUG:root:Shape y angle 0.9: -0.001276347892802087
DEBUG:root:Shape y angle 1.0: -0.0012892402956442945
INFO:root:Started Cantilever容nd load
DEBUG:root:Shape z disp 0.0: 0.0
DEBUG:root:Shape z disp 0.1: -0.008444090425663573
DEBUG:root:Shape z disp 0.2: -0.03260105697955618
DEBUG:root:Shape z disp 0.3: -0.07072189959754248
DEBUG:root:Shape z disp 0.4: -0.12105761821548705
DEBUG:root:Shape z disp 0.5: -0.18185921276925454
DEBUG:root:Shape z disp 0.6: -0.25137768319470977
DEBUG:root:Shape z disp 0.7: -0.3278640294277171
DEBUG:root:Shape z disp 0.8: -0.4095692514041412
DEBUG:root:Shape z disp 0.9: -0.4947443490598469
DEBUG:root:Shape z disp 1.0: -0.5816403223306985
DEBUG:root:Shape y angle 0.0: -1.8609360682400265e-07
DEBUG:root:Shape y angle 0.1: -0.00033193361681275833
DEBUG:root:Shape y angle 0.2: -0.0006287011387359854
DEBUG:root:Shape y angle 0.3: -0.0008904886593765053
DEBUG:root:Shape y angle 0.4: -0.0011172961787343178
DEBUG:root:Shape y angle 0.5: -0.0013091236968094228
DEBUG:root:Shape y angle 0.6: -0.0014659712136018209
DEBUG:root:Shape y angle 0.7: -0.0015878387291115115
DEBUG:root:Shape y angle 0.8: -0.0016747262433384948
DEBUG:root:Shape y angle 0.9: -0.001726633756282771
DEBUG:root:Shape y angle 1.0: -0.0017435612679443395
INFO:root:Started Multidimensional Simple Support Center Load Test
DEBUG:root:FEA x: 1.6667059158872178e-13
DEBUG:root:FEA y: 1.0670209673888418
DEBUG:root:FEA z: -1.0670209673890085
DEBUG:root:FEA x theta: -0.0004267712796939504
DEBUG:root:FEA y theta: -0.0004267712796939504
DEBUG:root:FEA z theta: -0.0004267712796939505
DEBUG:root:FEA x reaction: 4.547473508864641e-13
DEBUG:root:FEA y reaction: -0.49999999999954525
DEBUG:root:FEA z reaction: 0.5
DEBUG:root:Calculated total displacement: 0.09430402058969596 | Total displacement FEA: 1.5089955234178778
DEBUG:root:Calculated total reaction: 0.7071067811865476 | Total reaction FEA: 0.7071067811862259
INFO:root:Started Incline Boundary Conditions
DEBUG:root:
PRE-TRANSFORM 3:
[[ 6.30976478e+04  6.29745449e+04  0.00000000e+00  0.00000000e+00  0.00000000e+00 -6.15514406e+04 -7.21926821e+01  0.00000000e+00  0.00000000e+00  0.00000000e+00  0.00000000e+00 -3.60963411e+04 -8.90954544e+04  3.59989470e+01  0.00000000e+00  0.00000000e+00  0.00000000e+00 -2.54550996e+04]
 [ 6.29745449e+04  1.89025455e+05  0.00000000e+00  0.00000000e+00  0.00000000e+00  2.54550996e+04  0.00000000e+00 -1.26000000e+05  0.00000000e+00  0.00000000e+00  0.00000000e+00  0.00000000e+00 -8.90954544e+04 -3.59989470e+01  0.00000000e+00  0.00000000e+00  0.00000000e+00  2.54550996e+04]
 [ 0.00000000e+00  0.00000000e+00  1.23102881e+02  6.15514406e+04 -2.54550996e+04  0.00000000e+00  0.00000000e+00  0.00000000e+00 -7.21926821e+01  3.60963411e+04  0.00000000e+00  0.00000000e+00  0.00000000e+00  0.00000000e+00 -5.09101991e+01  1.23458588e-12 -3.59989470e+04  0.00000000e+00]
 [ 0.00000000e+00  0.00000000e+00  6.15514406e+04  4.21378284e+07 -1.58894878e+07  0.00000000e+00  0.00000000e+00  0.00000000e+00 -3.60963411e+04  1.20321137e+07  0.00000000e+00  0.00000000e+00  0.00000000e+00  0.00000000e+00 -2.54550996e+04 -1.54440127e+06 -1.19834167e+07  0.00000000e+00]
 [ 0.00000000e+00  0.00000000e+00 -2.54550996e+04 -1.58894878e+07  1.96180023e+07  0.00000000e+00  0.00000000e+00  0.00000000e+00  0.00000000e+00  0.00000000e+00 -1.54440127e+06  0.00000000e+00  0.00000000e+00  0.00000000e+00  2.54550996e+04 -1.54440127e+06  1.19834167e+07  0.00000000e+00]
 [-6.15514406e+04  2.54550996e+04  0.00000000e+00  0.00000000e+00  0.00000000e+00  5.80273161e+07  3.60963411e+04  0.00000000e+00  0.00000000e+00  0.00000000e+00  0.00000000e+00  1.20321137e+07  1.23458588e-12 -3.59989470e+04  0.00000000e+00  0.00000000e+00  0.00000000e+00  1.69471104e+07]
 [-7.21926821e+01  0.00000000e+00  0.00000000e+00  0.00000000e+00  0.00000000e+00  3.60963411e+04  1.26072193e+05  0.00000000e+00  0.00000000e+00  0.00000000e+00  0.00000000e+00  3.60963411e+04 -8.90954544e+04  8.90954544e+04  0.00000000e+00  0.00000000e+00  0.00000000e+00  0.00000000e+00]
 [ 0.00000000e+00 -1.26000000e+05  0.00000000e+00  0.00000000e+00  0.00000000e+00  0.00000000e+00  0.00000000e+00  1.26072193e+05  0.00000000e+00  0.00000000e+00  0.00000000e+00  3.60963411e+04 -5.10479351e+01 -5.10479351e+01  0.00000000e+00  0.00000000e+00  0.00000000e+00  3.60963411e+04]
 [ 0.00000000e+00  0.00000000e+00 -7.21926821e+01 -3.60963411e+04  0.00000000e+00  0.00000000e+00  0.00000000e+00  0.00000000e+00  1.44385364e+02 -3.60963411e+04 -3.60963411e+04  0.00000000e+00  0.00000000e+00  0.00000000e+00 -7.21926821e+01 -2.55239675e+04 -2.55239675e+04  0.00000000e+00]
 [ 0.00000000e+00  0.00000000e+00  3.60963411e+04  1.20321137e+07  0.00000000e+00  0.00000000e+00  0.00000000e+00  0.00000000e+00 -3.60963411e+04  2.56086286e+07  0.00000000e+00  0.00000000e+00  0.00000000e+00  0.00000000e+00  0.00000000e+00 -1.09205661e+06  1.09205661e+06  0.00000000e+00]
 [ 0.00000000e+00  0.00000000e+00  0.00000000e+00  0.00000000e+00 -1.54440127e+06  0.00000000e+00  0.00000000e+00  0.00000000e+00 -3.60963411e+04  0.00000000e+00  2.56086286e+07  0.00000000e+00  0.00000000e+00  0.00000000e+00  3.60963411e+04  8.50798918e+06  8.50798918e+06  0.00000000e+00]
 [-3.60963411e+04  0.00000000e+00  0.00000000e+00  0.00000000e+00  0.00000000e+00  1.20321137e+07  3.60963411e+04  3.60963411e+04  0.00000000e+00  0.00000000e+00  0.00000000e+00  4.81284547e+07 -2.55239675e+04 -2.55239675e+04  0.00000000e+00  0.00000000e+00  0.00000000e+00  1.20321137e+07]
 [-8.90954544e+04 -8.90954544e+04  0.00000000e+00  0.00000000e+00  0.00000000e+00  1.23458588e-12 -8.90954544e+04 -5.10479351e+01  0.00000000e+00  0.00000000e+00  0.00000000e+00 -2.55239675e+04  1.89036096e+05 -6.29639036e+04  0.00000000e+00  0.00000000e+00  0.00000000e+00 -2.55239675e+04]
 [ 3.59989470e+01 -3.59989470e+01  0.00000000e+00  0.00000000e+00  0.00000000e+00 -3.59989470e+04  8.90954544e+04 -5.10479351e+01  0.00000000e+00  0.00000000e+00  0.00000000e+00 -2.55239675e+04 -6.29639036e+04  6.30870065e+04  0.00000000e+00  0.00000000e+00  0.00000000e+00 -6.15229146e+04]
 [ 0.00000000e+00  0.00000000e+00 -5.09101991e+01 -2.54550996e+04  2.54550996e+04  0.00000000e+00  0.00000000e+00  0.00000000e+00 -7.21926821e+01  0.00000000e+00  3.60963411e+04  0.00000000e+00  0.00000000e+00  0.00000000e+00  1.23102881e+02  2.55239675e+04  6.15229146e+04  0.00000000e+00]
 [ 0.00000000e+00  0.00000000e+00  1.23458588e-12 -1.54440127e+06 -1.54440127e+06  0.00000000e+00  0.00000000e+00  0.00000000e+00 -2.55239675e+04 -1.09205661e+06  8.50798918e+06  0.00000000e+00  0.00000000e+00  0.00000000e+00  2.55239675e+04  1.49884275e+07  1.12599130e+07  0.00000000e+00]
 [ 0.00000000e+00  0.00000000e+00 -3.59989470e+04 -1.19834167e+07  1.19834167e+07  0.00000000e+00  0.00000000e+00  0.00000000e+00 -2.55239675e+04  1.09205661e+06  8.50798918e+06  0.00000000e+00  0.00000000e+00  0.00000000e+00  6.15229146e+04  1.12599130e+07  4.67674031e+07  0.00000000e+00]
 [-2.54550996e+04  2.54550996e+04  0.00000000e+00  0.00000000e+00  0.00000000e+00  1.69471104e+07  0.00000000e+00  3.60963411e+04  0.00000000e+00  0.00000000e+00  0.00000000e+00  1.20321137e+07 -2.55239675e+04 -6.15229146e+04  0.00000000e+00  0.00000000e+00  0.00000000e+00  5.80273161e+07]]
DEBUG:root:
POST-TRANSFORM 3:
[[ 1.26072193e+05  0.00000000e+00 -8.90954544e+04 -7.21926821e+01  0.00000000e+00  0.00000000e+00  0.00000000e+00  0.00000000e+00  3.60963411e+04  0.00000000e+00  0.00000000e+00  0.00000000e+00  3.60963411e+04  8.90954544e+04  0.00000000e+00  0.00000000e+00  0.00000000e+00  0.00000000e+00]
 [ 0.00000000e+00  2.56086286e+07  0.00000000e+00  0.00000000e+00  0.00000000e+00  3.60963411e+04  1.20321137e+07  0.00000000e+00  0.00000000e+00  0.00000000e+00 -3.60963411e+04  0.00000000e+00  0.00000000e+00  0.00000000e+00  0.00000000e+00 -1.09205661e+06  1.09205661e+06  0.00000000e+00]
 [-8.90954544e+04  0.00000000e+00  1.89036096e+05 -8.90954544e+04 -8.90954544e+04  0.00000000e+00  0.00000000e+00  0.00000000e+00  1.23458588e-12 -5.10479351e+01  0.00000000e+00  0.00000000e+00 -2.55239675e+04 -6.29639036e+04  0.00000000e+00  0.00000000e+00  0.00000000e+00 -2.55239675e+04]
 [-7.21926821e+01  0.00000000e+00 -8.90954544e+04  6.30976478e+04  6.29745449e+04  0.00000000e+00  0.00000000e+00  0.00000000e+00 -6.15514406e+04  0.00000000e+00  0.00000000e+00  0.00000000e+00 -3.60963411e+04  3.59989470e+01  0.00000000e+00  0.00000000e+00  0.00000000e+00 -2.54550996e+04]
 [ 0.00000000e+00  0.00000000e+00 -8.90954544e+04  6.29745449e+04  1.89025455e+05  0.00000000e+00  0.00000000e+00  0.00000000e+00  2.54550996e+04 -1.26000000e+05  0.00000000e+00  0.00000000e+00  0.00000000e+00 -3.59989470e+01  0.00000000e+00  0.00000000e+00  0.00000000e+00  2.54550996e+04]
 [ 0.00000000e+00  3.60963411e+04  0.00000000e+00  0.00000000e+00  0.00000000e+00  1.23102881e+02  6.15514406e+04 -2.54550996e+04  0.00000000e+00  0.00000000e+00 -7.21926821e+01  0.00000000e+00  0.00000000e+00  0.00000000e+00 -5.09101991e+01  1.23458588e-12 -3.59989470e+04  0.00000000e+00]
 [ 0.00000000e+00  1.20321137e+07  0.00000000e+00  0.00000000e+00  0.00000000e+00  6.15514406e+04  4.21378284e+07 -1.58894878e+07  0.00000000e+00  0.00000000e+00 -3.60963411e+04  0.00000000e+00  0.00000000e+00  0.00000000e+00 -2.54550996e+04 -1.54440127e+06 -1.19834167e+07  0.00000000e+00]
 [ 0.00000000e+00  0.00000000e+00  0.00000000e+00  0.00000000e+00  0.00000000e+00 -2.54550996e+04 -1.58894878e+07  1.96180023e+07  0.00000000e+00  0.00000000e+00  0.00000000e+00 -1.54440127e+06  0.00000000e+00  0.00000000e+00  2.54550996e+04 -1.54440127e+06  1.19834167e+07  0.00000000e+00]
 [ 3.60963411e+04  0.00000000e+00  1.23458588e-12 -6.15514406e+04  2.54550996e+04  0.00000000e+00  0.00000000e+00  0.00000000e+00  5.80273161e+07  0.00000000e+00  0.00000000e+00  0.00000000e+00  1.20321137e+07 -3.59989470e+04  0.00000000e+00  0.00000000e+00  0.00000000e+00  1.69471104e+07]
 [ 0.00000000e+00  0.00000000e+00 -5.10479351e+01  0.00000000e+00 -1.26000000e+05  0.00000000e+00  0.00000000e+00  0.00000000e+00  0.00000000e+00  1.26072193e+05  0.00000000e+00  0.00000000e+00  3.60963411e+04 -5.10479351e+01  0.00000000e+00  0.00000000e+00  0.00000000e+00  3.60963411e+04]
 [ 0.00000000e+00 -3.60963411e+04  0.00000000e+00  0.00000000e+00  0.00000000e+00 -7.21926821e+01 -3.60963411e+04  0.00000000e+00  0.00000000e+00  0.00000000e+00  1.44385364e+02 -3.60963411e+04  0.00000000e+00  0.00000000e+00 -7.21926821e+01 -2.55239675e+04 -2.55239675e+04  0.00000000e+00]
 [ 0.00000000e+00  0.00000000e+00  0.00000000e+00  0.00000000e+00  0.00000000e+00  0.00000000e+00  0.00000000e+00 -1.54440127e+06  0.00000000e+00  0.00000000e+00 -3.60963411e+04  2.56086286e+07  0.00000000e+00  0.00000000e+00  3.60963411e+04  8.50798918e+06  8.50798918e+06  0.00000000e+00]
 [ 3.60963411e+04  0.00000000e+00 -2.55239675e+04 -3.60963411e+04  0.00000000e+00  0.00000000e+00  0.00000000e+00  0.00000000e+00  1.20321137e+07  3.60963411e+04  0.00000000e+00  0.00000000e+00  4.81284547e+07 -2.55239675e+04  0.00000000e+00  0.00000000e+00  0.00000000e+00  1.20321137e+07]
 [ 8.90954544e+04  0.00000000e+00 -6.29639036e+04  3.59989470e+01 -3.59989470e+01  0.00000000e+00  0.00000000e+00  0.00000000e+00 -3.59989470e+04 -5.10479351e+01  0.00000000e+00  0.00000000e+00 -2.55239675e+04  6.30870065e+04  0.00000000e+00  0.00000000e+00  0.00000000e+00 -6.15229146e+04]
 [ 0.00000000e+00  0.00000000e+00  0.00000000e+00  0.00000000e+00  0.00000000e+00 -5.09101991e+01 -2.54550996e+04  2.54550996e+04  0.00000000e+00  0.00000000e+00 -7.21926821e+01  3.60963411e+04  0.00000000e+00  0.00000000e+00  1.23102881e+02  2.55239675e+04  6.15229146e+04  0.00000000e+00]
 [ 0.00000000e+00 -1.09205661e+06  0.00000000e+00  0.00000000e+00  0.00000000e+00  1.23458588e-12 -1.54440127e+06 -1.54440127e+06  0.00000000e+00  0.00000000e+00 -2.55239675e+04  8.50798918e+06  0.00000000e+00  0.00000000e+00  2.55239675e+04  1.49884275e+07  1.12599130e+07  0.00000000e+00]
 [ 0.00000000e+00  1.09205661e+06  0.00000000e+00  0.00000000e+00  0.00000000e+00 -3.59989470e+04 -1.19834167e+07  1.19834167e+07  0.00000000e+00  0.00000000e+00 -2.55239675e+04  8.50798918e+06  0.00000000e+00  0.00000000e+00  6.15229146e+04  1.12599130e+07  4.67674031e+07  0.00000000e+00]
 [ 0.00000000e+00  0.00000000e+00 -2.55239675e+04 -2.54550996e+04  2.54550996e+04  0.00000000e+00  0.00000000e+00  0.00000000e+00  1.69471104e+07  3.60963411e+04  0.00000000e+00  0.00000000e+00  1.20321137e+07 -6.15229146e+04  0.00000000e+00  0.00000000e+00  0.00000000e+00  5.80273161e+07]]
DEBUG:root:FEA 2y: 11.89340476122628 | Expected 11.91
DEBUG:root:FEA 1x: -500286.2329218146 | Expected -500000
DEBUG:root:FEA 1x: -500286.2329218146 | Expected -500000
DEBUG:root:FEA 1y: -499427.6161327298 | Expected -500000
DEBUG:root:FEA 1y: -499427.6161327298 | Expected -500000
DEBUG:root:FEA 2y: -286.150945455534 | Expected 0
INFO:root:Finished
INFO:root:Started Reverse Cantilever容nd load
DEBUG:root:Shape z disp 0.0: 0.0
DEBUG:root:Shape z disp 0.1: -0.008463993393558786
DEBUG:root:Shape z disp 0.2: -0.032657372006303045
DEBUG:root:Shape z disp 0.3: -0.07082329504561322
DEBUG:root:Shape z disp 0.4: -0.12120492171886965
DEBUG:root:Shape z disp 0.5: -0.1820454112334528
DEBUG:root:Shape z disp 0.6: -0.25158792279674314
DEBUG:root:Shape z disp 0.7: -0.3280756156161209
DEBUG:root:Shape z disp 0.8: -0.4097516488989666
DEBUG:root:Shape z disp 0.9: -0.4948591818526607
DEBUG:root:Shape z disp 1.0: -0.5816413736845836
DEBUG:root:Shape y angle 0.0: -5.474874570473102e-07
DEBUG:root:Shape y angle 0.1: -0.0003327035997669528
DEBUG:root:Shape y angle 0.2: -0.0006297228962244665
DEBUG:root:Shape y angle 0.3: -0.0008916053768295883
DEBUG:root:Shape y angle 0.4: -0.0011183510415823184
DEBUG:root:Shape y angle 0.5: -0.0013099598904826562
DEBUG:root:Shape y angle 0.6: -0.001466431923530603
DEBUG:root:Shape y angle 0.7: -0.0015877671407261574
DEBUG:root:Shape y angle 0.8: -0.0016739655420693203
DEBUG:root:Shape y angle 0.9: -0.0017250271275600915
DEBUG:root:Shape y angle 1.0: -0.0017409518971984704
INFO:root:Started annulus Cantilever容nd load
DEBUG:root:Shape z disp 0.0: 0.0
DEBUG:root:Shape z disp 0.1: -0.006231328325988747
DEBUG:root:Shape z disp 0.2: -0.024065819209964312
DEBUG:root:Shape z disp 0.3: -0.052214232367705955
DEBUG:root:Shape z disp 0.4: -0.08938732751499287
DEBUG:root:Shape z disp 0.5: -0.13429586436760432
DEBUG:root:Shape z disp 0.6: -0.18565060264131966
DEBUG:root:Shape z disp 0.7: -0.242162302051918
DEBUG:root:Shape z disp 0.8: -0.3025417223151785
DEBUG:root:Shape z disp 0.9: -0.3654996231468806
DEBUG:root:Shape z disp 1.0: -0.42974676426280334
DEBUG:root:Shape y angle 0.0: -1.1423536706978376e-11
DEBUG:root:Shape y angle 0.1: -0.00024495566542548066
DEBUG:root:Shape y angle 0.2: -0.0004641265137430095
DEBUG:root:Shape y angle 0.3: -0.0006575125563761232
DEBUG:root:Shape y angle 0.4: -0.0008251137933248217
DEBUG:root:Shape y angle 0.5: -0.0009669302245891051
DEBUG:root:Shape y angle 0.6: -0.0010829618501689733
DEBUG:root:Shape y angle 0.7: -0.0011732086700644265
DEBUG:root:Shape y angle 0.8: -0.0012376706842754642
DEBUG:root:Shape y angle 0.9: -0.001276347892802087
DEBUG:root:Shape y angle 1.0: -0.0012892402956442945
INFO:root:Started Cantilever容nd load
DEBUG:root:Shape z disp 0.0: 0.0
DEBUG:root:Shape z disp 0.1: -0.008444090425663573
DEBUG:root:Shape z disp 0.2: -0.03260105697955618
DEBUG:root:Shape z disp 0.3: -0.07072189959754248
DEBUG:root:Shape z disp 0.4: -0.12105761821548705
DEBUG:root:Shape z disp 0.5: -0.18185921276925454
DEBUG:root:Shape z disp 0.6: -0.25137768319470977
DEBUG:root:Shape z disp 0.7: -0.3278640294277171
DEBUG:root:Shape z disp 0.8: -0.4095692514041412
DEBUG:root:Shape z disp 0.9: -0.4947443490598469
DEBUG:root:Shape z disp 1.0: -0.5816403223306985
DEBUG:root:Shape y angle 0.0: -1.8609360682400265e-07
DEBUG:root:Shape y angle 0.1: -0.00033193361681275833
DEBUG:root:Shape y angle 0.2: -0.0006287011387359854
DEBUG:root:Shape y angle 0.3: -0.0008904886593765053
DEBUG:root:Shape y angle 0.4: -0.0011172961787343178
DEBUG:root:Shape y angle 0.5: -0.0013091236968094228
DEBUG:root:Shape y angle 0.6: -0.0014659712136018209
DEBUG:root:Shape y angle 0.7: -0.0015878387291115115
DEBUG:root:Shape y angle 0.8: -0.0016747262433384948
DEBUG:root:Shape y angle 0.9: -0.001726633756282771
DEBUG:root:Shape y angle 1.0: -0.0017435612679443395
INFO:root:Started Multidimensional Simple Support Center Load Test
DEBUG:root:FEA x: 1.6667059158872178e-13
DEBUG:root:FEA y: 1.0670209673888418
DEBUG:root:FEA z: -1.0670209673890085
DEBUG:root:FEA x theta: -0.0004267712796939504
DEBUG:root:FEA y theta: -0.0004267712796939504
DEBUG:root:FEA z theta: -0.0004267712796939505
DEBUG:root:FEA x reaction: 4.547473508864641e-13
DEBUG:root:FEA y reaction: -0.49999999999954525
DEBUG:root:FEA z reaction: 0.5
DEBUG:root:Calculated total displacement: 0.09430402058969596 | Total displacement FEA: 1.5089955234178778
DEBUG:root:Calculated total reaction: 0.7071067811865476 | Total reaction FEA: 0.7071067811862259
INFO:root:Started Incline Boundary Conditions
DEBUG:root:
PRE-TRANSFORM 3:
[[ 6.30976478e+04  6.29745449e+04  0.00000000e+00  0.00000000e+00  0.00000000e+00 -6.15514406e+04 -7.21926821e+01  0.00000000e+00  0.00000000e+00  0.00000000e+00  0.00000000e+00 -3.60963411e+04 -8.90954544e+04  3.59989470e+01  0.00000000e+00  0.00000000e+00  0.00000000e+00 -2.54550996e+04]
 [ 6.29745449e+04  1.89025455e+05  0.00000000e+00  0.00000000e+00  0.00000000e+00  2.54550996e+04  0.00000000e+00 -1.26000000e+05  0.00000000e+00  0.00000000e+00  0.00000000e+00  0.00000000e+00 -8.90954544e+04 -3.59989470e+01  0.00000000e+00  0.00000000e+00  0.00000000e+00  2.54550996e+04]
 [ 0.00000000e+00  0.00000000e+00  1.23102881e+02  6.15514406e+04 -2.54550996e+04  0.00000000e+00  0.00000000e+00  0.00000000e+00 -7.21926821e+01  3.60963411e+04  0.00000000e+00  0.00000000e+00  0.00000000e+00  0.00000000e+00 -5.09101991e+01  1.23458588e-12 -3.59989470e+04  0.00000000e+00]
 [ 0.00000000e+00  0.00000000e+00  6.15514406e+04  4.21378284e+07 -1.58894878e+07  0.00000000e+00  0.00000000e+00  0.00000000e+00 -3.60963411e+04  1.20321137e+07  0.00000000e+00  0.00000000e+00  0.00000000e+00  0.00000000e+00 -2.54550996e+04 -1.54440127e+06 -1.19834167e+07  0.00000000e+00]
 [ 0.00000000e+00  0.00000000e+00 -2.54550996e+04 -1.58894878e+07  1.96180023e+07  0.00000000e+00  0.00000000e+00  0.00000000e+00  0.00000000e+00  0.00000000e+00 -1.54440127e+06  0.00000000e+00  0.00000000e+00  0.00000000e+00  2.54550996e+04 -1.54440127e+06  1.19834167e+07  0.00000000e+00]
 [-6.15514406e+04  2.54550996e+04  0.00000000e+00  0.00000000e+00  0.00000000e+00  5.80273161e+07  3.60963411e+04  0.00000000e+00  0.00000000e+00  0.00000000e+00  0.00000000e+00  1.20321137e+07  1.23458588e-12 -3.59989470e+04  0.00000000e+00  0.00000000e+00  0.00000000e+00  1.69471104e+07]
 [-7.21926821e+01  0.00000000e+00  0.00000000e+00  0.00000000e+00  0.00000000e+00  3.60963411e+04  1.26072193e+05  0.00000000e+00  0.00000000e+00  0.00000000e+00  0.00000000e+00  3.60963411e+04 -8.90954544e+04  8.90954544e+04  0.00000000e+00  0.00000000e+00  0.00000000e+00  0.00000000e+00]
 [ 0.00000000e+00 -1.26000000e+05  0.00000000e+00  0.00000000e+00  0.00000000e+00  0.00000000e+00  0.00000000e+00  1.26072193e+05  0.00000000e+00  0.00000000e+00  0.00000000e+00  3.60963411e+04 -5.10479351e+01 -5.10479351e+01  0.00000000e+00  0.00000000e+00  0.00000000e+00  3.60963411e+04]
 [ 0.00000000e+00  0.00000000e+00 -7.21926821e+01 -3.60963411e+04  0.00000000e+00  0.00000000e+00  0.00000000e+00  0.00000000e+00  1.44385364e+02 -3.60963411e+04 -3.60963411e+04  0.00000000e+00  0.00000000e+00  0.00000000e+00 -7.21926821e+01 -2.55239675e+04 -2.55239675e+04  0.00000000e+00]
 [ 0.00000000e+00  0.00000000e+00  3.60963411e+04  1.20321137e+07  0.00000000e+00  0.00000000e+00  0.00000000e+00  0.00000000e+00 -3.60963411e+04  2.56086286e+07  0.00000000e+00  0.00000000e+00  0.00000000e+00  0.00000000e+00  0.00000000e+00 -1.09205661e+06  1.09205661e+06  0.00000000e+00]
 [ 0.00000000e+00  0.00000000e+00  0.00000000e+00  0.00000000e+00 -1.54440127e+06  0.00000000e+00  0.00000000e+00  0.00000000e+00 -3.60963411e+04  0.00000000e+00  2.56086286e+07  0.00000000e+00  0.00000000e+00  0.00000000e+00  3.60963411e+04  8.50798918e+06  8.50798918e+06  0.00000000e+00]
 [-3.60963411e+04  0.00000000e+00  0.00000000e+00  0.00000000e+00  0.00000000e+00  1.20321137e+07  3.60963411e+04  3.60963411e+04  0.00000000e+00  0.00000000e+00  0.00000000e+00  4.81284547e+07 -2.55239675e+04 -2.55239675e+04  0.00000000e+00  0.00000000e+00  0.00000000e+00  1.20321137e+07]
 [-8.90954544e+04 -8.90954544e+04  0.00000000e+00  0.00000000e+00  0.00000000e+00  1.23458588e-12 -8.90954544e+04 -5.10479351e+01  0.00000000e+00  0.00000000e+00  0.00000000e+00 -2.55239675e+04  1.89036096e+05 -6.29639036e+04  0.00000000e+00  0.00000000e+00  0.00000000e+00 -2.55239675e+04]
 [ 3.59989470e+01 -3.59989470e+01  0.00000000e+00  0.00000000e+00  0.00000000e+00 -3.59989470e+04  8.90954544e+04 -5.10479351e+01  0.00000000e+00  0.00000000e+00  0.00000000e+00 -2.55239675e+04 -6.29639036e+04  6.30870065e+04  0.00000000e+00  0.00000000e+00  0.00000000e+00 -6.15229146e+04]
 [ 0.00000000e+00  0.00000000e+00 -5.09101991e+01 -2.54550996e+04  2.54550996e+04  0.00000000e+00  0.00000000e+00  0.00000000e+00 -7.21926821e+01  0.00000000e+00  3.60963411e+04  0.00000000e+00  0.00000000e+00  0.00000000e+00  1.23102881e+02  2.55239675e+04  6.15229146e+04  0.00000000e+00]
 [ 0.00000000e+00  0.00000000e+00  1.23458588e-12 -1.54440127e+06 -1.54440127e+06  0.00000000e+00  0.00000000e+00  0.00000000e+00 -2.55239675e+04 -1.09205661e+06  8.50798918e+06  0.00000000e+00  0.00000000e+00  0.00000000e+00  2.55239675e+04  1.49884275e+07  1.12599130e+07  0.00000000e+00]
 [ 0.00000000e+00  0.00000000e+00 -3.59989470e+04 -1.19834167e+07  1.19834167e+07  0.00000000e+00  0.00000000e+00  0.00000000e+00 -2.55239675e+04  1.09205661e+06  8.50798918e+06  0.00000000e+00  0.00000000e+00  0.00000000e+00  6.15229146e+04  1.12599130e+07  4.67674031e+07  0.00000000e+00]
 [-2.54550996e+04  2.54550996e+04  0.00000000e+00  0.00000000e+00  0.00000000e+00  1.69471104e+07  0.00000000e+00  3.60963411e+04  0.00000000e+00  0.00000000e+00  0.00000000e+00  1.20321137e+07 -2.55239675e+04 -6.15229146e+04  0.00000000e+00  0.00000000e+00  0.00000000e+00  5.80273161e+07]]
DEBUG:root:
POST-TRANSFORM 3:
[[ 1.26072193e+05  0.00000000e+00 -8.90954544e+04 -7.21926821e+01  0.00000000e+00  0.00000000e+00  0.00000000e+00  0.00000000e+00  3.60963411e+04  0.00000000e+00  0.00000000e+00  0.00000000e+00  3.60963411e+04  8.90954544e+04  0.00000000e+00  0.00000000e+00  0.00000000e+00  0.00000000e+00]
 [ 0.00000000e+00  2.56086286e+07  0.00000000e+00  0.00000000e+00  0.00000000e+00  3.60963411e+04  1.20321137e+07  0.00000000e+00  0.00000000e+00  0.00000000e+00 -3.60963411e+04  0.00000000e+00  0.00000000e+00  0.00000000e+00  0.00000000e+00 -1.09205661e+06  1.09205661e+06  0.00000000e+00]
 [-8.90954544e+04  0.00000000e+00  1.89036096e+05 -8.90954544e+04 -8.90954544e+04  0.00000000e+00  0.00000000e+00  0.00000000e+00  1.23458588e-12 -5.10479351e+01  0.00000000e+00  0.00000000e+00 -2.55239675e+04 -6.29639036e+04  0.00000000e+00  0.00000000e+00  0.00000000e+00 -2.55239675e+04]
 [-7.21926821e+01  0.00000000e+00 -8.90954544e+04  6.30976478e+04  6.29745449e+04  0.00000000e+00  0.00000000e+00  0.00000000e+00 -6.15514406e+04  0.00000000e+00  0.00000000e+00  0.00000000e+00 -3.60963411e+04  3.59989470e+01  0.00000000e+00  0.00000000e+00  0.00000000e+00 -2.54550996e+04]
 [ 0.00000000e+00  0.00000000e+00 -8.90954544e+04  6.29745449e+04  1.89025455e+05  0.00000000e+00  0.00000000e+00  0.00000000e+00  2.54550996e+04 -1.26000000e+05  0.00000000e+00  0.00000000e+00  0.00000000e+00 -3.59989470e+01  0.00000000e+00  0.00000000e+00  0.00000000e+00  2.54550996e+04]
 [ 0.00000000e+00  3.60963411e+04  0.00000000e+00  0.00000000e+00  0.00000000e+00  1.23102881e+02  6.15514406e+04 -2.54550996e+04  0.00000000e+00  0.00000000e+00 -7.21926821e+01  0.00000000e+00  0.00000000e+00  0.00000000e+00 -5.09101991e+01  1.23458588e-12 -3.59989470e+04  0.00000000e+00]
 [ 0.00000000e+00  1.20321137e+07  0.00000000e+00  0.00000000e+00  0.00000000e+00  6.15514406e+04  4.21378284e+07 -1.58894878e+07  0.00000000e+00  0.00000000e+00 -3.60963411e+04  0.00000000e+00  0.00000000e+00  0.00000000e+00 -2.54550996e+04 -1.54440127e+06 -1.19834167e+07  0.00000000e+00]
 [ 0.00000000e+00  0.00000000e+00  0.00000000e+00  0.00000000e+00  0.00000000e+00 -2.54550996e+04 -1.58894878e+07  1.96180023e+07  0.00000000e+00  0.00000000e+00  0.00000000e+00 -1.54440127e+06  0.00000000e+00  0.00000000e+00  2.54550996e+04 -1.54440127e+06  1.19834167e+07  0.00000000e+00]
 [ 3.60963411e+04  0.00000000e+00  1.23458588e-12 -6.15514406e+04  2.54550996e+04  0.00000000e+00  0.00000000e+00  0.00000000e+00  5.80273161e+07  0.00000000e+00  0.00000000e+00  0.00000000e+00  1.20321137e+07 -3.59989470e+04  0.00000000e+00  0.00000000e+00  0.00000000e+00  1.69471104e+07]
 [ 0.00000000e+00  0.00000000e+00 -5.10479351e+01  0.00000000e+00 -1.26000000e+05  0.00000000e+00  0.00000000e+00  0.00000000e+00  0.00000000e+00  1.26072193e+05  0.00000000e+00  0.00000000e+00  3.60963411e+04 -5.10479351e+01  0.00000000e+00  0.00000000e+00  0.00000000e+00  3.60963411e+04]
 [ 0.00000000e+00 -3.60963411e+04  0.00000000e+00  0.00000000e+00  0.00000000e+00 -7.21926821e+01 -3.60963411e+04  0.00000000e+00  0.00000000e+00  0.00000000e+00  1.44385364e+02 -3.60963411e+04  0.00000000e+00  0.00000000e+00 -7.21926821e+01 -2.55239675e+04 -2.55239675e+04  0.00000000e+00]
 [ 0.00000000e+00  0.00000000e+00  0.00000000e+00  0.00000000e+00  0.00000000e+00  0.00000000e+00  0.00000000e+00 -1.54440127e+06  0.00000000e+00  0.00000000e+00 -3.60963411e+04  2.56086286e+07  0.00000000e+00  0.00000000e+00  3.60963411e+04  8.50798918e+06  8.50798918e+06  0.00000000e+00]
 [ 3.60963411e+04  0.00000000e+00 -2.55239675e+04 -3.60963411e+04  0.00000000e+00  0.00000000e+00  0.00000000e+00  0.00000000e+00  1.20321137e+07  3.60963411e+04  0.00000000e+00  0.00000000e+00  4.81284547e+07 -2.55239675e+04  0.00000000e+00  0.00000000e+00  0.00000000e+00  1.20321137e+07]
 [ 8.90954544e+04  0.00000000e+00 -6.29639036e+04  3.59989470e+01 -3.59989470e+01  0.00000000e+00  0.00000000e+00  0.00000000e+00 -3.59989470e+04 -5.10479351e+01  0.00000000e+00  0.00000000e+00 -2.55239675e+04  6.30870065e+04  0.00000000e+00  0.00000000e+00  0.00000000e+00 -6.15229146e+04]
 [ 0.00000000e+00  0.00000000e+00  0.00000000e+00  0.00000000e+00  0.00000000e+00 -5.09101991e+01 -2.54550996e+04  2.54550996e+04  0.00000000e+00  0.00000000e+00 -7.21926821e+01  3.60963411e+04  0.00000000e+00  0.00000000e+00  1.23102881e+02  2.55239675e+04  6.15229146e+04  0.00000000e+00]
 [ 0.00000000e+00 -1.09205661e+06  0.00000000e+00  0.00000000e+00  0.00000000e+00  1.23458588e-12 -1.54440127e+06 -1.54440127e+06  0.00000000e+00  0.00000000e+00 -2.55239675e+04  8.50798918e+06  0.00000000e+00  0.00000000e+00  2.55239675e+04  1.49884275e+07  1.12599130e+07  0.00000000e+00]
 [ 0.00000000e+00  1.09205661e+06  0.00000000e+00  0.00000000e+00  0.00000000e+00 -3.59989470e+04 -1.19834167e+07  1.19834167e+07  0.00000000e+00  0.00000000e+00 -2.55239675e+04  8.50798918e+06  0.00000000e+00  0.00000000e+00  6.15229146e+04  1.12599130e+07  4.67674031e+07  0.00000000e+00]
 [ 0.00000000e+00  0.00000000e+00 -2.55239675e+04 -2.54550996e+04  2.54550996e+04  0.00000000e+00  0.00000000e+00  0.00000000e+00  1.69471104e+07  3.60963411e+04  0.00000000e+00  0.00000000e+00  1.20321137e+07 -6.15229146e+04  0.00000000e+00  0.00000000e+00  0.00000000e+00  5.80273161e+07]]
DEBUG:root:FEA 2y: 11.89340476122628 | Expected 11.91
DEBUG:root:FEA 1x: -500286.2329218146 | Expected -500000
DEBUG:root:FEA 1x: -500286.2329218146 | Expected -500000
DEBUG:root:FEA 1y: -499427.6161327298 | Expected -500000
DEBUG:root:FEA 1y: -499427.6161327298 | Expected -500000
DEBUG:root:FEA 2y: -286.150945455534 | Expected 0
INFO:root:Finished
INFO:root:Started Reverse Cantilever容nd load
DEBUG:root:Shape z disp 0.0: 0.0
DEBUG:root:Shape z disp 0.1: -0.008463993393558786
DEBUG:root:Shape z disp 0.2: -0.032657372006303045
DEBUG:root:Shape z disp 0.3: -0.07082329504561322
DEBUG:root:Shape z disp 0.4: -0.12120492171886965
DEBUG:root:Shape z disp 0.5: -0.1820454112334528
DEBUG:root:Shape z disp 0.6: -0.25158792279674314
DEBUG:root:Shape z disp 0.7: -0.3280756156161209
DEBUG:root:Shape z disp 0.8: -0.4097516488989666
DEBUG:root:Shape z disp 0.9: -0.4948591818526607
DEBUG:root:Shape z disp 1.0: -0.5816413736845836
DEBUG:root:Shape y angle 0.0: -5.474874570473102e-07
DEBUG:root:Shape y angle 0.1: -0.0003327035997669528
DEBUG:root:Shape y angle 0.2: -0.0006297228962244665
DEBUG:root:Shape y angle 0.3: -0.0008916053768295883
DEBUG:root:Shape y angle 0.4: -0.0011183510415823184
DEBUG:root:Shape y angle 0.5: -0.0013099598904826562
DEBUG:root:Shape y angle 0.6: -0.001466431923530603
DEBUG:root:Shape y angle 0.7: -0.0015877671407261574
DEBUG:root:Shape y angle 0.8: -0.0016739655420693203
DEBUG:root:Shape y angle 0.9: -0.0017250271275600915
DEBUG:root:Shape y angle 1.0: -0.0017409518971984704
INFO:root:Started annulus Cantilever容nd load
DEBUG:root:Shape z disp 0.0: 0.0
DEBUG:root:Shape z disp 0.1: -0.006231328325988747
DEBUG:root:Shape z disp 0.2: -0.024065819209964312
DEBUG:root:Shape z disp 0.3: -0.052214232367705955
DEBUG:root:Shape z disp 0.4: -0.08938732751499287
DEBUG:root:Shape z disp 0.5: -0.13429586436760432
DEBUG:root:Shape z disp 0.6: -0.18565060264131966
DEBUG:root:Shape z disp 0.7: -0.242162302051918
DEBUG:root:Shape z disp 0.8: -0.3025417223151785
DEBUG:root:Shape z disp 0.9: -0.3654996231468806
DEBUG:root:Shape z disp 1.0: -0.42974676426280334
DEBUG:root:Shape y angle 0.0: -1.1423536706978376e-11
DEBUG:root:Shape y angle 0.1: -0.00024495566542548066
DEBUG:root:Shape y angle 0.2: -0.0004641265137430095
DEBUG:root:Shape y angle 0.3: -0.0006575125563761232
DEBUG:root:Shape y angle 0.4: -0.0008251137933248217
DEBUG:root:Shape y angle 0.5: -0.0009669302245891051
DEBUG:root:Shape y angle 0.6: -0.0010829618501689733
DEBUG:root:Shape y angle 0.7: -0.0011732086700644265
DEBUG:root:Shape y angle 0.8: -0.0012376706842754642
DEBUG:root:Shape y angle 0.9: -0.001276347892802087
DEBUG:root:Shape y angle 1.0: -0.0012892402956442945
INFO:root:Started Cantilever容nd load
DEBUG:root:Shape z disp 0.0: 0.0
DEBUG:root:Shape z disp 0.1: -0.008444090425663573
DEBUG:root:Shape z disp 0.2: -0.03260105697955618
DEBUG:root:Shape z disp 0.3: -0.07072189959754248
DEBUG:root:Shape z disp 0.4: -0.12105761821548705
DEBUG:root:Shape z disp 0.5: -0.18185921276925454
DEBUG:root:Shape z disp 0.6: -0.25137768319470977
DEBUG:root:Shape z disp 0.7: -0.3278640294277171
DEBUG:root:Shape z disp 0.8: -0.4095692514041412
DEBUG:root:Shape z disp 0.9: -0.4947443490598469
DEBUG:root:Shape z disp 1.0: -0.5816403223306985
DEBUG:root:Shape y angle 0.0: -1.8609360682400265e-07
DEBUG:root:Shape y angle 0.1: -0.00033193361681275833
DEBUG:root:Shape y angle 0.2: -0.0006287011387359854
DEBUG:root:Shape y angle 0.3: -0.0008904886593765053
DEBUG:root:Shape y angle 0.4: -0.0011172961787343178
DEBUG:root:Shape y angle 0.5: -0.0013091236968094228
DEBUG:root:Shape y angle 0.6: -0.0014659712136018209
DEBUG:root:Shape y angle 0.7: -0.0015878387291115115
DEBUG:root:Shape y angle 0.8: -0.0016747262433384948
DEBUG:root:Shape y angle 0.9: -0.001726633756282771
DEBUG:root:Shape y angle 1.0: -0.0017435612679443395
INFO:root:Started Multidimensional Simple Support Center Load Test
DEBUG:root:FEA x: 1.6667059158872178e-13
DEBUG:root:FEA y: 1.0670209673888418
DEBUG:root:FEA z: -1.0670209673890085
DEBUG:root:FEA x theta: -0.0004267712796939504
DEBUG:root:FEA y theta: -0.0004267712796939504
DEBUG:root:FEA z theta: -0.0004267712796939505
DEBUG:root:FEA x reaction: 4.547473508864641e-13
DEBUG:root:FEA y reaction: -0.49999999999954525
DEBUG:root:FEA z reaction: 0.5
DEBUG:root:Calculated total displacement: 0.09430402058969596 | Total displacement FEA: 1.5089955234178778
DEBUG:root:Calculated total reaction: 0.7071067811865476 | Total reaction FEA: 0.7071067811862259
INFO:root:Started Incline Boundary Conditions
DEBUG:root:
PRE-TRANSFORM 3:
[[ 6.30976478e+04  6.29745449e+04  0.00000000e+00  0.00000000e+00  0.00000000e+00 -6.15514406e+04 -7.21926821e+01  0.00000000e+00  0.00000000e+00  0.00000000e+00  0.00000000e+00 -3.60963411e+04 -8.90954544e+04  3.59989470e+01  0.00000000e+00  0.00000000e+00  0.00000000e+00 -2.54550996e+04]
 [ 6.29745449e+04  1.89025455e+05  0.00000000e+00  0.00000000e+00  0.00000000e+00  2.54550996e+04  0.00000000e+00 -1.26000000e+05  0.00000000e+00  0.00000000e+00  0.00000000e+00  0.00000000e+00 -8.90954544e+04 -3.59989470e+01  0.00000000e+00  0.00000000e+00  0.00000000e+00  2.54550996e+04]
 [ 0.00000000e+00  0.00000000e+00  1.23102881e+02  6.15514406e+04 -2.54550996e+04  0.00000000e+00  0.00000000e+00  0.00000000e+00 -7.21926821e+01  3.60963411e+04  0.00000000e+00  0.00000000e+00  0.00000000e+00  0.00000000e+00 -5.09101991e+01  1.23458588e-12 -3.59989470e+04  0.00000000e+00]
 [ 0.00000000e+00  0.00000000e+00  6.15514406e+04  4.21378284e+07 -1.58894878e+07  0.00000000e+00  0.00000000e+00  0.00000000e+00 -3.60963411e+04  1.20321137e+07  0.00000000e+00  0.00000000e+00  0.00000000e+00  0.00000000e+00 -2.54550996e+04 -1.54440127e+06 -1.19834167e+07  0.00000000e+00]
 [ 0.00000000e+00  0.00000000e+00 -2.54550996e+04 -1.58894878e+07  1.96180023e+07  0.00000000e+00  0.00000000e+00  0.00000000e+00  0.00000000e+00  0.00000000e+00 -1.54440127e+06  0.00000000e+00  0.00000000e+00  0.00000000e+00  2.54550996e+04 -1.54440127e+06  1.19834167e+07  0.00000000e+00]
 [-6.15514406e+04  2.54550996e+04  0.00000000e+00  0.00000000e+00  0.00000000e+00  5.80273161e+07  3.60963411e+04  0.00000000e+00  0.00000000e+00  0.00000000e+00  0.00000000e+00  1.20321137e+07  1.23458588e-12 -3.59989470e+04  0.00000000e+00  0.00000000e+00  0.00000000e+00  1.69471104e+07]
 [-7.21926821e+01  0.00000000e+00  0.00000000e+00  0.00000000e+00  0.00000000e+00  3.60963411e+04  1.26072193e+05  0.00000000e+00  0.00000000e+00  0.00000000e+00  0.00000000e+00  3.60963411e+04 -8.90954544e+04  8.90954544e+04  0.00000000e+00  0.00000000e+00  0.00000000e+00  0.00000000e+00]
 [ 0.00000000e+00 -1.26000000e+05  0.00000000e+00  0.00000000e+00  0.00000000e+00  0.00000000e+00  0.00000000e+00  1.26072193e+05  0.00000000e+00  0.00000000e+00  0.00000000e+00  3.60963411e+04 -5.10479351e+01 -5.10479351e+01  0.00000000e+00  0.00000000e+00  0.00000000e+00  3.60963411e+04]
 [ 0.00000000e+00  0.00000000e+00 -7.21926821e+01 -3.60963411e+04  0.00000000e+00  0.00000000e+00  0.00000000e+00  0.00000000e+00  1.44385364e+02 -3.60963411e+04 -3.60963411e+04  0.00000000e+00  0.00000000e+00  0.00000000e+00 -7.21926821e+01 -2.55239675e+04 -2.55239675e+04  0.00000000e+00]
 [ 0.00000000e+00  0.00000000e+00  3.60963411e+04  1.20321137e+07  0.00000000e+00  0.00000000e+00  0.00000000e+00  0.00000000e+00 -3.60963411e+04  2.56086286e+07  0.00000000e+00  0.00000000e+00  0.00000000e+00  0.00000000e+00  0.00000000e+00 -1.09205661e+06  1.09205661e+06  0.00000000e+00]
 [ 0.00000000e+00  0.00000000e+00  0.00000000e+00  0.00000000e+00 -1.54440127e+06  0.00000000e+00  0.00000000e+00  0.00000000e+00 -3.60963411e+04  0.00000000e+00  2.56086286e+07  0.00000000e+00  0.00000000e+00  0.00000000e+00  3.60963411e+04  8.50798918e+06  8.50798918e+06  0.00000000e+00]
 [-3.60963411e+04  0.00000000e+00  0.00000000e+00  0.00000000e+00  0.00000000e+00  1.20321137e+07  3.60963411e+04  3.60963411e+04  0.00000000e+00  0.00000000e+00  0.00000000e+00  4.81284547e+07 -2.55239675e+04 -2.55239675e+04  0.00000000e+00  0.00000000e+00  0.00000000e+00  1.20321137e+07]
 [-8.90954544e+04 -8.90954544e+04  0.00000000e+00  0.00000000e+00  0.00000000e+00  1.23458588e-12 -8.90954544e+04 -5.10479351e+01  0.00000000e+00  0.00000000e+00  0.00000000e+00 -2.55239675e+04  1.89036096e+05 -6.29639036e+04  0.00000000e+00  0.00000000e+00  0.00000000e+00 -2.55239675e+04]
 [ 3.59989470e+01 -3.59989470e+01  0.00000000e+00  0.00000000e+00  0.00000000e+00 -3.59989470e+04  8.90954544e+04 -5.10479351e+01  0.00000000e+00  0.00000000e+00  0.00000000e+00 -2.55239675e+04 -6.29639036e+04  6.30870065e+04  0.00000000e+00  0.00000000e+00  0.00000000e+00 -6.15229146e+04]
 [ 0.00000000e+00  0.00000000e+00 -5.09101991e+01 -2.54550996e+04  2.54550996e+04  0.00000000e+00  0.00000000e+00  0.00000000e+00 -7.21926821e+01  0.00000000e+00  3.60963411e+04  0.00000000e+00  0.00000000e+00  0.00000000e+00  1.23102881e+02  2.55239675e+04  6.15229146e+04  0.00000000e+00]
 [ 0.00000000e+00  0.00000000e+00  1.23458588e-12 -1.54440127e+06 -1.54440127e+06  0.00000000e+00  0.00000000e+00  0.00000000e+00 -2.55239675e+04 -1.09205661e+06  8.50798918e+06  0.00000000e+00  0.00000000e+00  0.00000000e+00  2.55239675e+04  1.49884275e+07  1.12599130e+07  0.00000000e+00]
 [ 0.00000000e+00  0.00000000e+00 -3.59989470e+04 -1.19834167e+07  1.19834167e+07  0.00000000e+00  0.00000000e+00  0.00000000e+00 -2.55239675e+04  1.09205661e+06  8.50798918e+06  0.00000000e+00  0.00000000e+00  0.00000000e+00  6.15229146e+04  1.12599130e+07  4.67674031e+07  0.00000000e+00]
 [-2.54550996e+04  2.54550996e+04  0.00000000e+00  0.00000000e+00  0.00000000e+00  1.69471104e+07  0.00000000e+00  3.60963411e+04  0.00000000e+00  0.00000000e+00  0.00000000e+00  1.20321137e+07 -2.55239675e+04 -6.15229146e+04  0.00000000e+00  0.00000000e+00  0.00000000e+00  5.80273161e+07]]
DEBUG:root:
POST-TRANSFORM 3:
[[ 1.26072193e+05  0.00000000e+00 -8.90954544e+04 -7.21926821e+01  0.00000000e+00  0.00000000e+00  0.00000000e+00  0.00000000e+00  3.60963411e+04  0.00000000e+00  0.00000000e+00  0.00000000e+00  3.60963411e+04  8.90954544e+04  0.00000000e+00  0.00000000e+00  0.00000000e+00  0.00000000e+00]
 [ 0.00000000e+00  2.56086286e+07  0.00000000e+00  0.00000000e+00  0.00000000e+00  3.60963411e+04  1.20321137e+07  0.00000000e+00  0.00000000e+00  0.00000000e+00 -3.60963411e+04  0.00000000e+00  0.00000000e+00  0.00000000e+00  0.00000000e+00 -1.09205661e+06  1.09205661e+06  0.00000000e+00]
 [-8.90954544e+04  0.00000000e+00  1.89036096e+05 -8.90954544e+04 -8.90954544e+04  0.00000000e+00  0.00000000e+00  0.00000000e+00  1.23458588e-12 -5.10479351e+01  0.00000000e+00  0.00000000e+00 -2.55239675e+04 -6.29639036e+04  0.00000000e+00  0.00000000e+00  0.00000000e+00 -2.55239675e+04]
 [-7.21926821e+01  0.00000000e+00 -8.90954544e+04  6.30976478e+04  6.29745449e+04  0.00000000e+00  0.00000000e+00  0.00000000e+00 -6.15514406e+04  0.00000000e+00  0.00000000e+00  0.00000000e+00 -3.60963411e+04  3.59989470e+01  0.00000000e+00  0.00000000e+00  0.00000000e+00 -2.54550996e+04]
 [ 0.00000000e+00  0.00000000e+00 -8.90954544e+04  6.29745449e+04  1.89025455e+05  0.00000000e+00  0.00000000e+00  0.00000000e+00  2.54550996e+04 -1.26000000e+05  0.00000000e+00  0.00000000e+00  0.00000000e+00 -3.59989470e+01  0.00000000e+00  0.00000000e+00  0.00000000e+00  2.54550996e+04]
 [ 0.00000000e+00  3.60963411e+04  0.00000000e+00  0.00000000e+00  0.00000000e+00  1.23102881e+02  6.15514406e+04 -2.54550996e+04  0.00000000e+00  0.00000000e+00 -7.21926821e+01  0.00000000e+00  0.00000000e+00  0.00000000e+00 -5.09101991e+01  1.23458588e-12 -3.59989470e+04  0.00000000e+00]
 [ 0.00000000e+00  1.20321137e+07  0.00000000e+00  0.00000000e+00  0.00000000e+00  6.15514406e+04  4.21378284e+07 -1.58894878e+07  0.00000000e+00  0.00000000e+00 -3.60963411e+04  0.00000000e+00  0.00000000e+00  0.00000000e+00 -2.54550996e+04 -1.54440127e+06 -1.19834167e+07  0.00000000e+00]
 [ 0.00000000e+00  0.00000000e+00  0.00000000e+00  0.00000000e+00  0.00000000e+00 -2.54550996e+04 -1.58894878e+07  1.96180023e+07  0.00000000e+00  0.00000000e+00  0.00000000e+00 -1.54440127e+06  0.00000000e+00  0.00000000e+00  2.54550996e+04 -1.54440127e+06  1.19834167e+07  0.00000000e+00]
 [ 3.60963411e+04  0.00000000e+00  1.23458588e-12 -6.15514406e+04  2.54550996e+04  0.00000000e+00  0.00000000e+00  0.00000000e+00  5.80273161e+07  0.00000000e+00  0.00000000e+00  0.00000000e+00  1.20321137e+07 -3.59989470e+04  0.00000000e+00  0.00000000e+00  0.00000000e+00  1.69471104e+07]
 [ 0.00000000e+00  0.00000000e+00 -5.10479351e+01  0.00000000e+00 -1.26000000e+05  0.00000000e+00  0.00000000e+00  0.00000000e+00  0.00000000e+00  1.26072193e+05  0.00000000e+00  0.00000000e+00  3.60963411e+04 -5.10479351e+01  0.00000000e+00  0.00000000e+00  0.00000000e+00  3.60963411e+04]
 [ 0.00000000e+00 -3.60963411e+04  0.00000000e+00  0.00000000e+00  0.00000000e+00 -7.21926821e+01 -3.60963411e+04  0.00000000e+00  0.00000000e+00  0.00000000e+00  1.44385364e+02 -3.60963411e+04  0.00000000e+00  0.00000000e+00 -7.21926821e+01 -2.55239675e+04 -2.55239675e+04  0.00000000e+00]
 [ 0.00000000e+00  0.00000000e+00  0.00000000e+00  0.00000000e+00  0.00000000e+00  0.00000000e+00  0.00000000e+00 -1.54440127e+06  0.00000000e+00  0.00000000e+00 -3.60963411e+04  2.56086286e+07  0.00000000e+00  0.00000000e+00  3.60963411e+04  8.50798918e+06  8.50798918e+06  0.00000000e+00]
 [ 3.60963411e+04  0.00000000e+00 -2.55239675e+04 -3.60963411e+04  0.00000000e+00  0.00000000e+00  0.00000000e+00  0.00000000e+00  1.20321137e+07  3.60963411e+04  0.00000000e+00  0.00000000e+00  4.81284547e+07 -2.55239675e+04  0.00000000e+00  0.00000000e+00  0.00000000e+00  1.20321137e+07]
 [ 8.90954544e+04  0.00000000e+00 -6.29639036e+04  3.59989470e+01 -3.59989470e+01  0.00000000e+00  0.00000000e+00  0.00000000e+00 -3.59989470e+04 -5.10479351e+01  0.00000000e+00  0.00000000e+00 -2.55239675e+04  6.30870065e+04  0.00000000e+00  0.00000000e+00  0.00000000e+00 -6.15229146e+04]
 [ 0.00000000e+00  0.00000000e+00  0.00000000e+00  0.00000000e+00  0.00000000e+00 -5.09101991e+01 -2.54550996e+04  2.54550996e+04  0.00000000e+00  0.00000000e+00 -7.21926821e+01  3.60963411e+04  0.00000000e+00  0.00000000e+00  1.23102881e+02  2.55239675e+04  6.15229146e+04  0.00000000e+00]
 [ 0.00000000e+00 -1.09205661e+06  0.00000000e+00  0.00000000e+00  0.00000000e+00  1.23458588e-12 -1.54440127e+06 -1.54440127e+06  0.00000000e+00  0.00000000e+00 -2.55239675e+04  8.50798918e+06  0.00000000e+00  0.00000000e+00  2.55239675e+04  1.49884275e+07  1.12599130e+07  0.00000000e+00]
 [ 0.00000000e+00  1.09205661e+06  0.00000000e+00  0.00000000e+00  0.00000000e+00 -3.59989470e+04 -1.19834167e+07  1.19834167e+07  0.00000000e+00  0.00000000e+00 -2.55239675e+04  8.50798918e+06  0.00000000e+00  0.00000000e+00  6.15229146e+04  1.12599130e+07  4.67674031e+07  0.00000000e+00]
 [ 0.00000000e+00  0.00000000e+00 -2.55239675e+04 -2.54550996e+04  2.54550996e+04  0.00000000e+00  0.00000000e+00  0.00000000e+00  1.69471104e+07  3.60963411e+04  0.00000000e+00  0.00000000e+00  1.20321137e+07 -6.15229146e+04  0.00000000e+00  0.00000000e+00  0.00000000e+00  5.80273161e+07]]
DEBUG:root:FEA 2y: 11.89340476122628 | Expected 11.91
DEBUG:root:FEA 1x: -500286.2329218146 | Expected -500000
DEBUG:root:FEA 1x: -500286.2329218146 | Expected -500000
DEBUG:root:FEA 1y: -499427.6161327298 | Expected -500000
DEBUG:root:FEA 1y: -499427.6161327298 | Expected -500000
DEBUG:root:FEA 2y: -286.150945455534 | Expected 0
INFO:root:Finished
INFO:root:Started Reverse Cantilever容nd load
DEBUG:root:Shape z disp 0.0: 0.0
DEBUG:root:Shape z disp 0.1: -0.008463993393558786
DEBUG:root:Shape z disp 0.2: -0.032657372006303045
DEBUG:root:Shape z disp 0.3: -0.07082329504561322
DEBUG:root:Shape z disp 0.4: -0.12120492171886965
DEBUG:root:Shape z disp 0.5: -0.1820454112334528
DEBUG:root:Shape z disp 0.6: -0.25158792279674314
DEBUG:root:Shape z disp 0.7: -0.3280756156161209
DEBUG:root:Shape z disp 0.8: -0.4097516488989666
DEBUG:root:Shape z disp 0.9: -0.4948591818526607
DEBUG:root:Shape z disp 1.0: -0.5816413736845836
DEBUG:root:Shape y angle 0.0: -5.474874570473102e-07
DEBUG:root:Shape y angle 0.1: -0.0003327035997669528
DEBUG:root:Shape y angle 0.2: -0.0006297228962244665
DEBUG:root:Shape y angle 0.3: -0.0008916053768295883
DEBUG:root:Shape y angle 0.4: -0.0011183510415823184
DEBUG:root:Shape y angle 0.5: -0.0013099598904826562
DEBUG:root:Shape y angle 0.6: -0.001466431923530603
DEBUG:root:Shape y angle 0.7: -0.0015877671407261574
DEBUG:root:Shape y angle 0.8: -0.0016739655420693203
DEBUG:root:Shape y angle 0.9: -0.0017250271275600915
DEBUG:root:Shape y angle 1.0: -0.0017409518971984704
INFO:root:Started Multidimensional Simple Support Center Load Test
DEBUG:root:FEA x: 1.6667059158872178e-13
DEBUG:root:FEA y: 1.0670209673888418
DEBUG:root:FEA z: -1.0670209673890085
DEBUG:root:FEA x theta: -0.0004267712796939504
DEBUG:root:FEA y theta: -0.0004267712796939504
DEBUG:root:FEA z theta: -0.0004267712796939505
DEBUG:root:FEA x reaction: 4.547473508864641e-13
DEBUG:root:FEA y reaction: -0.49999999999954525
DEBUG:root:FEA z reaction: 0.5
DEBUG:root:Calculated total displacement: 0.09430402058969596 | Total displacement FEA: 1.5089955234178778
DEBUG:root:Calculated total reaction: 0.7071067811865476 | Total reaction FEA: 0.7071067811862259
INFO:root:Started Multidimensional Simple Support Center Load Test
DEBUG:root:FEA x: 1.6667059158872178e-13
DEBUG:root:FEA y: 1.0670209673888418
DEBUG:root:FEA z: -1.0670209673890085
DEBUG:root:FEA x theta: -0.0004267712796939504
DEBUG:root:FEA y theta: -0.0004267712796939504
DEBUG:root:FEA z theta: -0.0004267712796939505
DEBUG:root:FEA x reaction: 4.547473508864641e-13
DEBUG:root:FEA y reaction: -0.49999999999954525
DEBUG:root:FEA z reaction: 0.5
DEBUG:root:Calculated total displacement: 0.09430402058969596 | Total displacement FEA: 1.5089955234178778
DEBUG:root:Calculated total reaction: 0.7071067811865476 | Total reaction FEA: 0.7071067811862259
INFO:root:Started Multidimensional Simple Support Center Load Test
DEBUG:root:FEA x: 1.6667059158872178e-13
DEBUG:root:FEA y: 1.0670209673888418
DEBUG:root:FEA z: -1.0670209673890085
DEBUG:root:FEA x theta: -0.0004267712796939504
DEBUG:root:FEA y theta: -0.0004267712796939504
DEBUG:root:FEA z theta: -0.0004267712796939505
DEBUG:root:FEA x reaction: 4.547473508864641e-13
DEBUG:root:FEA y reaction: -0.49999999999954525
DEBUG:root:FEA z reaction: 0.5
DEBUG:root:Calculated total displacement: 0.09430402058969596 | Total displacement FEA: 1.5089955234178778
DEBUG:root:Calculated total reaction: 0.7071067811865476 | Total reaction FEA: 0.7071067811862259
INFO:root:Started Multidimensional Simple Support Center Load Test
DEBUG:root:FEA x: 1.6667059158872178e-13
DEBUG:root:FEA y: 1.0670209673888418
DEBUG:root:FEA z: -1.0670209673890085
DEBUG:root:FEA x theta: -0.0004267712796939504
DEBUG:root:FEA y theta: -0.0004267712796939504
DEBUG:root:FEA z theta: -0.0004267712796939505
DEBUG:root:FEA x reaction: 4.547473508864641e-13
DEBUG:root:FEA y reaction: -0.49999999999954525
DEBUG:root:FEA z reaction: 0.5
DEBUG:root:Calculated total displacement: 0.09430402058969596 | Total displacement FEA: 1.5089955234178778
DEBUG:root:Calculated total reaction: 0.7071067811865476 | Total reaction FEA: 0.7071067811862259
INFO:root:Finished
INFO:root:Started annulus Cantilever容nd load
DEBUG:root:Shape z disp 0.0: 0.0
DEBUG:root:Shape z disp 0.1: -0.006231328325988747
DEBUG:root:Shape z disp 0.2: -0.024065819209964312
DEBUG:root:Shape z disp 0.3: -0.052214232367705955
DEBUG:root:Shape z disp 0.4: -0.08938732751499287
DEBUG:root:Shape z disp 0.5: -0.13429586436760432
DEBUG:root:Shape z disp 0.6: -0.18565060264131966
DEBUG:root:Shape z disp 0.7: -0.242162302051918
DEBUG:root:Shape z disp 0.8: -0.3025417223151785
DEBUG:root:Shape z disp 0.9: -0.3654996231468806
DEBUG:root:Shape z disp 1.0: -0.42974676426280334
DEBUG:root:Shape y angle 0.0: -1.1423536706978376e-11
DEBUG:root:Shape y angle 0.1: -0.00024495566542548066
DEBUG:root:Shape y angle 0.2: -0.0004641265137430095
DEBUG:root:Shape y angle 0.3: -0.0006575125563761232
DEBUG:root:Shape y angle 0.4: -0.0008251137933248217
DEBUG:root:Shape y angle 0.5: -0.0009669302245891051
DEBUG:root:Shape y angle 0.6: -0.0010829618501689733
DEBUG:root:Shape y angle 0.7: -0.0011732086700644265
DEBUG:root:Shape y angle 0.8: -0.0012376706842754642
DEBUG:root:Shape y angle 0.9: -0.001276347892802087
DEBUG:root:Shape y angle 1.0: -0.0012892402956442945
INFO:root:Started Cantilever容nd load
DEBUG:root:Shape z disp 0.0: 0.0
DEBUG:root:Shape z disp 0.1: -0.008444090425663573
DEBUG:root:Shape z disp 0.2: -0.03260105697955618
DEBUG:root:Shape z disp 0.3: -0.07072189959754248
DEBUG:root:Shape z disp 0.4: -0.12105761821548705
DEBUG:root:Shape z disp 0.5: -0.18185921276925454
DEBUG:root:Shape z disp 0.6: -0.25137768319470977
DEBUG:root:Shape z disp 0.7: -0.3278640294277171
DEBUG:root:Shape z disp 0.8: -0.4095692514041412
DEBUG:root:Shape z disp 0.9: -0.4947443490598469
DEBUG:root:Shape z disp 1.0: -0.5816403223306985
DEBUG:root:Shape y angle 0.0: -1.8609360682400265e-07
DEBUG:root:Shape y angle 0.1: -0.00033193361681275833
DEBUG:root:Shape y angle 0.2: -0.0006287011387359854
DEBUG:root:Shape y angle 0.3: -0.0008904886593765053
DEBUG:root:Shape y angle 0.4: -0.0011172961787343178
DEBUG:root:Shape y angle 0.5: -0.0013091236968094228
DEBUG:root:Shape y angle 0.6: -0.0014659712136018209
DEBUG:root:Shape y angle 0.7: -0.0015878387291115115
DEBUG:root:Shape y angle 0.8: -0.0016747262433384948
DEBUG:root:Shape y angle 0.9: -0.001726633756282771
DEBUG:root:Shape y angle 1.0: -0.0017435612679443395
INFO:root:Started Multidimensional Simple Support Center Load Test
DEBUG:root:FEA x: 1.6667059158872178e-13
DEBUG:root:FEA y: 1.0670209673888418
DEBUG:root:FEA z: -1.0670209673890085
DEBUG:root:FEA x theta: -0.0004267712796939504
DEBUG:root:FEA y theta: -0.0004267712796939504
DEBUG:root:FEA z theta: -0.0004267712796939505
DEBUG:root:FEA x reaction: 4.547473508864641e-13
DEBUG:root:FEA y reaction: -0.49999999999954525
DEBUG:root:FEA z reaction: 0.5
DEBUG:root:Calculated total displacement: 0.09430402058969596 | Total displacement FEA: 1.5089955234178778
DEBUG:root:Calculated total reaction: 0.7071067811865476 | Total reaction FEA: 0.7071067811862259
INFO:root:Finished
INFO:root:Started Incline Boundary Conditions
DEBUG:root:
PRE-TRANSFORM 3:
[[ 6.30976478e+04  6.29745449e+04  0.00000000e+00  0.00000000e+00  0.00000000e+00 -6.15514406e+04 -7.21926821e+01  0.00000000e+00  0.00000000e+00  0.00000000e+00  0.00000000e+00 -3.60963411e+04 -8.90954544e+04  3.59989470e+01  0.00000000e+00  0.00000000e+00  0.00000000e+00 -2.54550996e+04]
 [ 6.29745449e+04  1.89025455e+05  0.00000000e+00  0.00000000e+00  0.00000000e+00  2.54550996e+04  0.00000000e+00 -1.26000000e+05  0.00000000e+00  0.00000000e+00  0.00000000e+00  0.00000000e+00 -8.90954544e+04 -3.59989470e+01  0.00000000e+00  0.00000000e+00  0.00000000e+00  2.54550996e+04]
 [ 0.00000000e+00  0.00000000e+00  1.23102881e+02  6.15514406e+04 -2.54550996e+04  0.00000000e+00  0.00000000e+00  0.00000000e+00 -7.21926821e+01  3.60963411e+04  0.00000000e+00  0.00000000e+00  0.00000000e+00  0.00000000e+00 -5.09101991e+01  1.23458588e-12 -3.59989470e+04  0.00000000e+00]
 [ 0.00000000e+00  0.00000000e+00  6.15514406e+04  4.21378284e+07 -1.58894878e+07  0.00000000e+00  0.00000000e+00  0.00000000e+00 -3.60963411e+04  1.20321137e+07  0.00000000e+00  0.00000000e+00  0.00000000e+00  0.00000000e+00 -2.54550996e+04 -1.54440127e+06 -1.19834167e+07  0.00000000e+00]
 [ 0.00000000e+00  0.00000000e+00 -2.54550996e+04 -1.58894878e+07  1.96180023e+07  0.00000000e+00  0.00000000e+00  0.00000000e+00  0.00000000e+00  0.00000000e+00 -1.54440127e+06  0.00000000e+00  0.00000000e+00  0.00000000e+00  2.54550996e+04 -1.54440127e+06  1.19834167e+07  0.00000000e+00]
 [-6.15514406e+04  2.54550996e+04  0.00000000e+00  0.00000000e+00  0.00000000e+00  5.80273161e+07  3.60963411e+04  0.00000000e+00  0.00000000e+00  0.00000000e+00  0.00000000e+00  1.20321137e+07  1.23458588e-12 -3.59989470e+04  0.00000000e+00  0.00000000e+00  0.00000000e+00  1.69471104e+07]
 [-7.21926821e+01  0.00000000e+00  0.00000000e+00  0.00000000e+00  0.00000000e+00  3.60963411e+04  1.26072193e+05  0.00000000e+00  0.00000000e+00  0.00000000e+00  0.00000000e+00  3.60963411e+04 -8.90954544e+04  8.90954544e+04  0.00000000e+00  0.00000000e+00  0.00000000e+00  0.00000000e+00]
 [ 0.00000000e+00 -1.26000000e+05  0.00000000e+00  0.00000000e+00  0.00000000e+00  0.00000000e+00  0.00000000e+00  1.26072193e+05  0.00000000e+00  0.00000000e+00  0.00000000e+00  3.60963411e+04 -5.10479351e+01 -5.10479351e+01  0.00000000e+00  0.00000000e+00  0.00000000e+00  3.60963411e+04]
 [ 0.00000000e+00  0.00000000e+00 -7.21926821e+01 -3.60963411e+04  0.00000000e+00  0.00000000e+00  0.00000000e+00  0.00000000e+00  1.44385364e+02 -3.60963411e+04 -3.60963411e+04  0.00000000e+00  0.00000000e+00  0.00000000e+00 -7.21926821e+01 -2.55239675e+04 -2.55239675e+04  0.00000000e+00]
 [ 0.00000000e+00  0.00000000e+00  3.60963411e+04  1.20321137e+07  0.00000000e+00  0.00000000e+00  0.00000000e+00  0.00000000e+00 -3.60963411e+04  2.56086286e+07  0.00000000e+00  0.00000000e+00  0.00000000e+00  0.00000000e+00  0.00000000e+00 -1.09205661e+06  1.09205661e+06  0.00000000e+00]
 [ 0.00000000e+00  0.00000000e+00  0.00000000e+00  0.00000000e+00 -1.54440127e+06  0.00000000e+00  0.00000000e+00  0.00000000e+00 -3.60963411e+04  0.00000000e+00  2.56086286e+07  0.00000000e+00  0.00000000e+00  0.00000000e+00  3.60963411e+04  8.50798918e+06  8.50798918e+06  0.00000000e+00]
 [-3.60963411e+04  0.00000000e+00  0.00000000e+00  0.00000000e+00  0.00000000e+00  1.20321137e+07  3.60963411e+04  3.60963411e+04  0.00000000e+00  0.00000000e+00  0.00000000e+00  4.81284547e+07 -2.55239675e+04 -2.55239675e+04  0.00000000e+00  0.00000000e+00  0.00000000e+00  1.20321137e+07]
 [-8.90954544e+04 -8.90954544e+04  0.00000000e+00  0.00000000e+00  0.00000000e+00  1.23458588e-12 -8.90954544e+04 -5.10479351e+01  0.00000000e+00  0.00000000e+00  0.00000000e+00 -2.55239675e+04  1.89036096e+05 -6.29639036e+04  0.00000000e+00  0.00000000e+00  0.00000000e+00 -2.55239675e+04]
 [ 3.59989470e+01 -3.59989470e+01  0.00000000e+00  0.00000000e+00  0.00000000e+00 -3.59989470e+04  8.90954544e+04 -5.10479351e+01  0.00000000e+00  0.00000000e+00  0.00000000e+00 -2.55239675e+04 -6.29639036e+04  6.30870065e+04  0.00000000e+00  0.00000000e+00  0.00000000e+00 -6.15229146e+04]
 [ 0.00000000e+00  0.00000000e+00 -5.09101991e+01 -2.54550996e+04  2.54550996e+04  0.00000000e+00  0.00000000e+00  0.00000000e+00 -7.21926821e+01  0.00000000e+00  3.60963411e+04  0.00000000e+00  0.00000000e+00  0.00000000e+00  1.23102881e+02  2.55239675e+04  6.15229146e+04  0.00000000e+00]
 [ 0.00000000e+00  0.00000000e+00  1.23458588e-12 -1.54440127e+06 -1.54440127e+06  0.00000000e+00  0.00000000e+00  0.00000000e+00 -2.55239675e+04 -1.09205661e+06  8.50798918e+06  0.00000000e+00  0.00000000e+00  0.00000000e+00  2.55239675e+04  1.49884275e+07  1.12599130e+07  0.00000000e+00]
 [ 0.00000000e+00  0.00000000e+00 -3.59989470e+04 -1.19834167e+07  1.19834167e+07  0.00000000e+00  0.00000000e+00  0.00000000e+00 -2.55239675e+04  1.09205661e+06  8.50798918e+06  0.00000000e+00  0.00000000e+00  0.00000000e+00  6.15229146e+04  1.12599130e+07  4.67674031e+07  0.00000000e+00]
 [-2.54550996e+04  2.54550996e+04  0.00000000e+00  0.00000000e+00  0.00000000e+00  1.69471104e+07  0.00000000e+00  3.60963411e+04  0.00000000e+00  0.00000000e+00  0.00000000e+00  1.20321137e+07 -2.55239675e+04 -6.15229146e+04  0.00000000e+00  0.00000000e+00  0.00000000e+00  5.80273161e+07]]
DEBUG:root:
POST-TRANSFORM 3:
[[ 1.26072193e+05  0.00000000e+00 -8.90954544e+04 -7.21926821e+01  0.00000000e+00  0.00000000e+00  0.00000000e+00  0.00000000e+00  3.60963411e+04  0.00000000e+00  0.00000000e+00  0.00000000e+00  3.60963411e+04  8.90954544e+04  0.00000000e+00  0.00000000e+00  0.00000000e+00  0.00000000e+00]
 [ 0.00000000e+00  2.56086286e+07  0.00000000e+00  0.00000000e+00  0.00000000e+00  3.60963411e+04  1.20321137e+07  0.00000000e+00  0.00000000e+00  0.00000000e+00 -3.60963411e+04  0.00000000e+00  0.00000000e+00  0.00000000e+00  0.00000000e+00 -1.09205661e+06  1.09205661e+06  0.00000000e+00]
 [-8.90954544e+04  0.00000000e+00  1.89036096e+05 -8.90954544e+04 -8.90954544e+04  0.00000000e+00  0.00000000e+00  0.00000000e+00  1.23458588e-12 -5.10479351e+01  0.00000000e+00  0.00000000e+00 -2.55239675e+04 -6.29639036e+04  0.00000000e+00  0.00000000e+00  0.00000000e+00 -2.55239675e+04]
 [-7.21926821e+01  0.00000000e+00 -8.90954544e+04  6.30976478e+04  6.29745449e+04  0.00000000e+00  0.00000000e+00  0.00000000e+00 -6.15514406e+04  0.00000000e+00  0.00000000e+00  0.00000000e+00 -3.60963411e+04  3.59989470e+01  0.00000000e+00  0.00000000e+00  0.00000000e+00 -2.54550996e+04]
 [ 0.00000000e+00  0.00000000e+00 -8.90954544e+04  6.29745449e+04  1.89025455e+05  0.00000000e+00  0.00000000e+00  0.00000000e+00  2.54550996e+04 -1.26000000e+05  0.00000000e+00  0.00000000e+00  0.00000000e+00 -3.59989470e+01  0.00000000e+00  0.00000000e+00  0.00000000e+00  2.54550996e+04]
 [ 0.00000000e+00  3.60963411e+04  0.00000000e+00  0.00000000e+00  0.00000000e+00  1.23102881e+02  6.15514406e+04 -2.54550996e+04  0.00000000e+00  0.00000000e+00 -7.21926821e+01  0.00000000e+00  0.00000000e+00  0.00000000e+00 -5.09101991e+01  1.23458588e-12 -3.59989470e+04  0.00000000e+00]
 [ 0.00000000e+00  1.20321137e+07  0.00000000e+00  0.00000000e+00  0.00000000e+00  6.15514406e+04  4.21378284e+07 -1.58894878e+07  0.00000000e+00  0.00000000e+00 -3.60963411e+04  0.00000000e+00  0.00000000e+00  0.00000000e+00 -2.54550996e+04 -1.54440127e+06 -1.19834167e+07  0.00000000e+00]
 [ 0.00000000e+00  0.00000000e+00  0.00000000e+00  0.00000000e+00  0.00000000e+00 -2.54550996e+04 -1.58894878e+07  1.96180023e+07  0.00000000e+00  0.00000000e+00  0.00000000e+00 -1.54440127e+06  0.00000000e+00  0.00000000e+00  2.54550996e+04 -1.54440127e+06  1.19834167e+07  0.00000000e+00]
 [ 3.60963411e+04  0.00000000e+00  1.23458588e-12 -6.15514406e+04  2.54550996e+04  0.00000000e+00  0.00000000e+00  0.00000000e+00  5.80273161e+07  0.00000000e+00  0.00000000e+00  0.00000000e+00  1.20321137e+07 -3.59989470e+04  0.00000000e+00  0.00000000e+00  0.00000000e+00  1.69471104e+07]
 [ 0.00000000e+00  0.00000000e+00 -5.10479351e+01  0.00000000e+00 -1.26000000e+05  0.00000000e+00  0.00000000e+00  0.00000000e+00  0.00000000e+00  1.26072193e+05  0.00000000e+00  0.00000000e+00  3.60963411e+04 -5.10479351e+01  0.00000000e+00  0.00000000e+00  0.00000000e+00  3.60963411e+04]
 [ 0.00000000e+00 -3.60963411e+04  0.00000000e+00  0.00000000e+00  0.00000000e+00 -7.21926821e+01 -3.60963411e+04  0.00000000e+00  0.00000000e+00  0.00000000e+00  1.44385364e+02 -3.60963411e+04  0.00000000e+00  0.00000000e+00 -7.21926821e+01 -2.55239675e+04 -2.55239675e+04  0.00000000e+00]
 [ 0.00000000e+00  0.00000000e+00  0.00000000e+00  0.00000000e+00  0.00000000e+00  0.00000000e+00  0.00000000e+00 -1.54440127e+06  0.00000000e+00  0.00000000e+00 -3.60963411e+04  2.56086286e+07  0.00000000e+00  0.00000000e+00  3.60963411e+04  8.50798918e+06  8.50798918e+06  0.00000000e+00]
 [ 3.60963411e+04  0.00000000e+00 -2.55239675e+04 -3.60963411e+04  0.00000000e+00  0.00000000e+00  0.00000000e+00  0.00000000e+00  1.20321137e+07  3.60963411e+04  0.00000000e+00  0.00000000e+00  4.81284547e+07 -2.55239675e+04  0.00000000e+00  0.00000000e+00  0.00000000e+00  1.20321137e+07]
 [ 8.90954544e+04  0.00000000e+00 -6.29639036e+04  3.59989470e+01 -3.59989470e+01  0.00000000e+00  0.00000000e+00  0.00000000e+00 -3.59989470e+04 -5.10479351e+01  0.00000000e+00  0.00000000e+00 -2.55239675e+04  6.30870065e+04  0.00000000e+00  0.00000000e+00  0.00000000e+00 -6.15229146e+04]
 [ 0.00000000e+00  0.00000000e+00  0.00000000e+00  0.00000000e+00  0.00000000e+00 -5.09101991e+01 -2.54550996e+04  2.54550996e+04  0.00000000e+00  0.00000000e+00 -7.21926821e+01  3.60963411e+04  0.00000000e+00  0.00000000e+00  1.23102881e+02  2.55239675e+04  6.15229146e+04  0.00000000e+00]
 [ 0.00000000e+00 -1.09205661e+06  0.00000000e+00  0.00000000e+00  0.00000000e+00  1.23458588e-12 -1.54440127e+06 -1.54440127e+06  0.00000000e+00  0.00000000e+00 -2.55239675e+04  8.50798918e+06  0.00000000e+00  0.00000000e+00  2.55239675e+04  1.49884275e+07  1.12599130e+07  0.00000000e+00]
 [ 0.00000000e+00  1.09205661e+06  0.00000000e+00  0.00000000e+00  0.00000000e+00 -3.59989470e+04 -1.19834167e+07  1.19834167e+07  0.00000000e+00  0.00000000e+00 -2.55239675e+04  8.50798918e+06  0.00000000e+00  0.00000000e+00  6.15229146e+04  1.12599130e+07  4.67674031e+07  0.00000000e+00]
 [ 0.00000000e+00  0.00000000e+00 -2.55239675e+04 -2.54550996e+04  2.54550996e+04  0.00000000e+00  0.00000000e+00  0.00000000e+00  1.69471104e+07  3.60963411e+04  0.00000000e+00  0.00000000e+00  1.20321137e+07 -6.15229146e+04  0.00000000e+00  0.00000000e+00  0.00000000e+00  5.80273161e+07]]
DEBUG:root:FEA 2y: 11.89340476122628 | Expected 11.91
DEBUG:root:FEA 1x: -500286.2329218146 | Expected -500000
DEBUG:root:FEA 1x: -500286.2329218146 | Expected -500000
DEBUG:root:FEA 1y: -499427.6161327298 | Expected -500000
DEBUG:root:FEA 1y: -499427.6161327298 | Expected -500000
DEBUG:root:FEA 2y: -286.150945455534 | Expected 0
INFO:root:Finished
INFO:root:Started Reverse Cantilever容nd load
DEBUG:root:Shape z disp 0.0: 0.0
DEBUG:root:Shape z disp 0.1: -0.008463993393558786
DEBUG:root:Shape z disp 0.2: -0.032657372006303045
DEBUG:root:Shape z disp 0.3: -0.07082329504561322
DEBUG:root:Shape z disp 0.4: -0.12120492171886965
DEBUG:root:Shape z disp 0.5: -0.1820454112334528
DEBUG:root:Shape z disp 0.6: -0.25158792279674314
DEBUG:root:Shape z disp 0.7: -0.3280756156161209
DEBUG:root:Shape z disp 0.8: -0.4097516488989666
DEBUG:root:Shape z disp 0.9: -0.4948591818526607
DEBUG:root:Shape z disp 1.0: -0.5816413736845836
DEBUG:root:Shape y angle 0.0: -5.474874570473102e-07
DEBUG:root:Shape y angle 0.1: -0.0003327035997669528
DEBUG:root:Shape y angle 0.2: -0.0006297228962244665
DEBUG:root:Shape y angle 0.3: -0.0008916053768295883
DEBUG:root:Shape y angle 0.4: -0.0011183510415823184
DEBUG:root:Shape y angle 0.5: -0.0013099598904826562
DEBUG:root:Shape y angle 0.6: -0.001466431923530603
DEBUG:root:Shape y angle 0.7: -0.0015877671407261574
DEBUG:root:Shape y angle 0.8: -0.0016739655420693203
DEBUG:root:Shape y angle 0.9: -0.0017250271275600915
DEBUG:root:Shape y angle 1.0: -0.0017409518971984704
